[
  {
    "section": "Applied Accessibility",
    "name": "Know When Alt Text Should Be Left Blank",
    "url": "https://www.freecodecamp.org/learn/responsive-web-design/applied-accessibility/know-when-alt-text-should-be-left-blank",
    "remove": ["ALL_HELPERS"],
    "description": "\n<p>In the last challenge, you learned that including an <code>alt</code> attribute when using <code>img</code> tags is mandatory. However, sometimes images are grouped with a caption already describing them, or are used for decoration only. In these cases, <code>alt</code> text may seem redundant or unnecessary.</p>\n<p>When an image is already explained with text content or does not add meaning to a page, the <code>img</code> still needs an <code>alt</code> attribute, but it can be set to an empty string. Here's an example:</p>\n<pre class=\"language-html\" tabindex=\"0\"><code class=\"language-html\"><span class=\"token tag\"><span class=\"token tag\"><span class=\"token punctuation\">&lt;</span>img</span> <span class=\"token attr-name\">src</span><span class=\"token attr-value\"><span class=\"token punctuation attr-equals\">=</span><span class=\"token punctuation\">\"</span>visualDecoration.jpeg<span class=\"token punctuation\">\"</span></span> <span class=\"token attr-name\">alt</span><span class=\"token attr-value\"><span class=\"token punctuation attr-equals\">=</span><span class=\"token punctuation\">\"</span><span class=\"token punctuation\">\"</span></span><span class=\"token punctuation\">&gt;</span></span>\n</code></pre>\n<p>Background images usually fall under the 'decorative' label as well. However, they are typically applied with CSS rules, and therefore not part of the markup screen readers process.</p>\n<p><strong>Note:</strong> For images with a caption, you may still want to include <code>alt</code> text since it helps search engines catalog the image's content.</p>\n",
    "instructions": "\n<p>Camper Cat has coded a skeleton page for the blog part of his website. He's planning to add a visual break between his two articles with a decorative image of a samurai sword. Add an <code>alt</code> attribute to the <code>img</code> tag and set it to an empty string. (Note that the image <code>src</code> doesn't link to an actual file - don't worry that there are no swords showing in the display.)</p>\n"
  },
  {
    "section": "Applied Accessibility",
    "name": "Use Headings To Show Hierarchical Relationships Of Content",
    "url": "https://www.freecodecamp.org/learn/responsive-web-design/applied-accessibility/use-headings-to-show-hierarchical-relationships-of-content",
    "remove": ["ALL_HELPERS"],
    "description": "\n<p>Headings (<code>h1</code> through <code>h6</code> elements) are workhorse tags that help provide structure and labeling to your content. Screen readers can be set to read only the headings on a page so the user gets a summary. This means it is important for the heading tags in your markup to have semantic meaning and relate to each other, not be picked merely for their size values.</p>\n<p><em>Semantic meaning</em> means that the tag you use around content indicates the type of information it contains.</p>\n<p>If you were writing a paper with an introduction, a body, and a conclusion, it wouldn't make much sense to put the conclusion as a subsection of the body in your outline. It should be its own section. Similarly, the heading tags in a webpage need to go in order and indicate the hierarchical relationships of your content.</p>\n<p>Headings with equal (or higher) rank start new implied sections, headings with lower rank start subsections of the previous one.</p>\n<p>As an example, a page with an <code>h2</code> element followed by several subsections labeled with <code>h4</code> elements would confuse a screen reader user. With six choices, it's tempting to use a tag because it looks better in a browser, but you can use CSS to edit the relative sizing.</p>\n<p>One final point, each page should always have one (and only one) <code>h1</code> element, which is the main subject of your content. This and the other headings are used in part by search engines to understand the topic of the page.</p>\n",
    "instructions": "\n<p>Camper Cat wants a page on his site dedicated to becoming a ninja. Help him fix the headings so his markup gives semantic meaning to the content, and shows the proper parent-child relationships of his sections. Change all the <code>h5</code> tags to the proper heading level to indicate they are subsections of the <code>h2</code> ones. Use <code>h3</code> tags for the purpose.</p>\n"
  },
  {
    "section": "Applied Accessibility",
    "name": "Jump Straight To The Content Using The Main Element",
    "url": "https://www.freecodecamp.org/learn/responsive-web-design/applied-accessibility/jump-straight-to-the-content-using-the-main-element",
    "remove": ["ALL_HELPERS"],
    "description": "\n<p>HTML5 introduced several new elements that give developers more options while also incorporating accessibility features. These tags include <code>main</code>, <code>header</code>, <code>footer</code>, <code>nav</code>, <code>article</code>, and <code>section</code>, among others.</p>\n<p>By default, a browser renders these elements similar to the humble <code>div</code>. However, using them where appropriate gives additional meaning to your markup. The tag name alone can indicate the type of information it contains, which adds semantic meaning to that content. Assistive technologies can access this information to provide better page summary or navigation options to their users.</p>\n<p>The <code>main</code> element is used to wrap (you guessed it) the main content, and there should be only one per page. It's meant to surround the information related to your page's central topic. It's not meant to include items that repeat across pages, like navigation links or banners.</p>\n<p>The <code>main</code> tag also has an embedded landmark feature that assistive technology can use to navigate to the main content quickly. If you've ever seen a \"Jump to Main Content\" link at the top of a page, using the <code>main</code> tag automatically gives assistive devices that functionality.</p>\n",
    "instructions": "\n<p>Camper Cat has some big ideas for his ninja weapons page. Help him set up his markup by adding opening and closing <code>main</code> tags between the <code>header</code> and <code>footer</code> (covered in other challenges). Keep the <code>main</code> tags empty for now.</p>\n"
  },
  {
    "section": "Applied Accessibility",
    "name": "Wrap Content In The Article Element",
    "url": "https://www.freecodecamp.org/learn/responsive-web-design/applied-accessibility/wrap-content-in-the-article-element",
    "remove": ["ALL_HELPERS"],
    "description": "\n<p><code>article</code> is another one of the new HTML5 elements that add semantic meaning to your markup. <code>article</code> is a sectioning element and is used to wrap independent, self-contained content. The tag works well with blog entries, forum posts, or news articles.</p>\n<p>Determining whether content can stand alone is usually a judgment call, but you can use a couple of simple tests. Ask yourself if you removed all surrounding context, would that content still make sense? Similarly, for text, would the content hold up if it were in an RSS feed?</p>\n<p>Remember that folks using assistive technologies rely on organized, semantically meaningful markup to better understand your work.</p>\n<p><strong>Note:</strong> The <code>section</code> element is also new with HTML5, and has a slightly different semantic meaning than <code>article</code>. An <code>article</code> is for standalone content, and a <code>section</code> is for grouping thematically related content. They can be used within each other, as needed. For example, if a book is the <code>article</code>, then each chapter is a <code>section</code>. When there's no relationship between groups of content, then use a <code>div</code>.</p>\n<p><code>&lt;div&gt;</code> - groups content\n<code>&lt;section&gt;</code> - groups related content\n<code>&lt;article&gt;</code> - groups independent, self-contained content</p>\n",
    "instructions": "\n<p>Camper Cat used <code>article</code> tags to wrap the posts on his blog page, but he forgot to use them around the top one. Change the <code>div</code> tag to use an <code>article</code> tag instead.</p>\n"
  },
  {
    "section": "Applied Accessibility",
    "name": "Make Screen Reader Navigation Easier With The Header Landmark",
    "url": "https://www.freecodecamp.org/learn/responsive-web-design/applied-accessibility/make-screen-reader-navigation-easier-with-the-header-landmark",
    "remove": ["ALL_HELPERS"],
    "description": "\n<p>The next HTML5 element that adds semantic meaning and improves accessibility is the <code>header</code> tag. It's used to wrap introductory information or navigation links for its parent tag and works well around content that's repeated at the top on multiple pages.</p>\n<p><code>header</code> shares the embedded landmark feature you saw with <code>main</code>, allowing assistive technologies to quickly navigate to that content.</p>\n<p><strong>Note:</strong> The <code>header</code> is meant for use in the <code>body</code> tag of your HTML document. It is different than the <code>head</code> element, which contains the page's title, meta information, etc.</p>\n",
    "instructions": "\n<p>Camper Cat is writing some great articles about ninja training, and wants to add a page for them to his site. Change the top <code>div</code> that currently contains the <code>h1</code> to a <code>header</code> tag instead.</p>\n"
  },
  {
    "section": "Applied Accessibility",
    "name": "Make Screen Reader Navigation Easier With The Nav Landmark",
    "url": "https://www.freecodecamp.org/learn/responsive-web-design/applied-accessibility/make-screen-reader-navigation-easier-with-the-nav-landmark",
    "remove": ["ALL_HELPERS"],
    "description": "\n<p>The <code>nav</code> element is another HTML5 item with the embedded landmark feature for easy screen reader navigation. This tag is meant to wrap around the main navigation links in your page.</p>\n<p>If there are repeated site links at the bottom of the page, it isn't necessary to markup those with a <code>nav</code> tag as well. Using a <code>footer</code> (covered in the next challenge) is sufficient.</p>\n",
    "instructions": "\n<p>Camper Cat included navigation links at the top of his training page, but wrapped them in a <code>div</code>. Change the <code>div</code> to a <code>nav</code> tag to improve the accessibility on his page.</p>\n"
  },
  {
    "section": "Applied Accessibility",
    "name": "Make Screen Reader Navigation Easier With The Footer Landmark",
    "url": "https://www.freecodecamp.org/learn/responsive-web-design/applied-accessibility/make-screen-reader-navigation-easier-with-the-footer-landmark",
    "remove": ["ALL_HELPERS"],
    "description": "\n<p>Similar to <code>header</code> and <code>nav</code>, the <code>footer</code> element has a built-in landmark feature that allows assistive devices to quickly navigate to it. It's primarily used to contain copyright information or links to related documents that usually sit at the bottom of a page.</p>\n",
    "instructions": "\n<p>Camper Cat's training page is making good progress. Change the <code>div</code> he used to wrap his copyright information at the bottom of the page to a <code>footer</code> element.</p>\n"
  },
  {
    "section": "Applied Accessibility",
    "name": "Improve Accessibility Of Audio Content With The Audio Element",
    "url": "https://www.freecodecamp.org/learn/responsive-web-design/applied-accessibility/improve-accessibility-of-audio-content-with-the-audio-element",
    "remove": ["ALL_HELPERS"],
    "description": "\n<p>HTML5's <code>audio</code> element gives semantic meaning when it wraps sound or audio stream content in your markup. Audio content also needs a text alternative to be accessible to people who are deaf or hard of hearing. This can be done with nearby text on the page or a link to a transcript.</p>\n<p>The <code>audio</code> tag supports the <code>controls</code> attribute. This shows the browser default play, pause, and other controls, and supports keyboard functionality. This is a boolean attribute, meaning it doesn't need a value, its presence on the tag turns the setting on.</p>\n<p>Here's an example:</p>\n<pre class=\"language-html\" tabindex=\"0\"><code class=\"language-html\"><span class=\"token tag\"><span class=\"token tag\"><span class=\"token punctuation\">&lt;</span>audio</span> <span class=\"token attr-name\">id</span><span class=\"token attr-value\"><span class=\"token punctuation attr-equals\">=</span><span class=\"token punctuation\">\"</span>meowClip<span class=\"token punctuation\">\"</span></span> <span class=\"token attr-name\">controls</span><span class=\"token punctuation\">&gt;</span></span>\n  <span class=\"token tag\"><span class=\"token tag\"><span class=\"token punctuation\">&lt;</span>source</span> <span class=\"token attr-name\">src</span><span class=\"token attr-value\"><span class=\"token punctuation attr-equals\">=</span><span class=\"token punctuation\">\"</span>audio/meow.mp3<span class=\"token punctuation\">\"</span></span> <span class=\"token attr-name\">type</span><span class=\"token attr-value\"><span class=\"token punctuation attr-equals\">=</span><span class=\"token punctuation\">\"</span>audio/mpeg<span class=\"token punctuation\">\"</span></span><span class=\"token punctuation\">&gt;</span></span>\n  <span class=\"token tag\"><span class=\"token tag\"><span class=\"token punctuation\">&lt;</span>source</span> <span class=\"token attr-name\">src</span><span class=\"token attr-value\"><span class=\"token punctuation attr-equals\">=</span><span class=\"token punctuation\">\"</span>audio/meow.ogg<span class=\"token punctuation\">\"</span></span> <span class=\"token attr-name\">type</span><span class=\"token attr-value\"><span class=\"token punctuation attr-equals\">=</span><span class=\"token punctuation\">\"</span>audio/ogg<span class=\"token punctuation\">\"</span></span><span class=\"token punctuation\">&gt;</span></span>\n<span class=\"token tag\"><span class=\"token tag\"><span class=\"token punctuation\">&lt;/</span>audio</span><span class=\"token punctuation\">&gt;</span></span>\n</code></pre>\n<p><strong>Note:</strong> Multimedia content usually has both visual and auditory components. It needs synchronized captions and a transcript so users with visual and/or auditory impairments can access it. Generally, a web developer is not responsible for creating the captions or transcript, but needs to know to include them.</p>\n",
    "instructions": "\n<p>Time to take a break from Camper Cat and meet fellow camper Zersiax (@zersiax), a champion of accessibility and a screen reader user. To hear a clip of his screen reader in action, add an <code>audio</code> element after the <code>p</code>. Include the <code>controls</code> attribute. Then place a <code>source</code> tag inside the <code>audio</code> tags with the <code>src</code> attribute set to <code>https://s3.amazonaws.com/freecodecamp/screen-reader.mp3</code> and <code>type</code> attribute set to <code>\"audio/mpeg\"</code>.</p>\n<p><strong>Note:</strong> The audio clip may sound fast and be difficult to understand, but that is a normal speed for screen reader users.</p>\n"
  },
  {
    "section": "Applied Accessibility",
    "name": "Improve Chart Accessibility With The Figure Element",
    "url": "https://www.freecodecamp.org/learn/responsive-web-design/applied-accessibility/improve-chart-accessibility-with-the-figure-element",
    "remove": ["ALL_HELPERS"],
    "description": "\n<p>HTML5 introduced the <code>figure</code> element and the related <code>figcaption</code>. Used together, these items wrap a visual representation (like an image, diagram, or chart) along with its caption. Wrapping these elements together gives a two-fold accessibility boost by semantically grouping related content and providing a text alternative explaining the <code>figure</code>.</p>\n<p>For data visualizations like charts, the caption can be used to briefly note the trends or conclusions for users with visual impairments. Another challenge covers how to move a table version of the chart's data off-screen (using CSS) for screen reader users.</p>\n<p>Here's an example - note that the <code>figcaption</code> goes inside the <code>figure</code> tags and can be combined with other elements:</p>\n<pre class=\"language-html\" tabindex=\"0\"><code class=\"language-html\"><span class=\"token tag\"><span class=\"token tag\"><span class=\"token punctuation\">&lt;</span>figure</span><span class=\"token punctuation\">&gt;</span></span>\n  <span class=\"token tag\"><span class=\"token tag\"><span class=\"token punctuation\">&lt;</span>img</span> <span class=\"token attr-name\">src</span><span class=\"token attr-value\"><span class=\"token punctuation attr-equals\">=</span><span class=\"token punctuation\">\"</span>roundhouseDestruction.jpeg<span class=\"token punctuation\">\"</span></span> <span class=\"token attr-name\">alt</span><span class=\"token attr-value\"><span class=\"token punctuation attr-equals\">=</span><span class=\"token punctuation\">\"</span>Photo of Camper Cat executing a roundhouse kick<span class=\"token punctuation\">\"</span></span><span class=\"token punctuation\">&gt;</span></span>\n  <span class=\"token tag\"><span class=\"token tag\"><span class=\"token punctuation\">&lt;</span>br</span><span class=\"token punctuation\">&gt;</span></span>\n  <span class=\"token tag\"><span class=\"token tag\"><span class=\"token punctuation\">&lt;</span>figcaption</span><span class=\"token punctuation\">&gt;</span></span>\n    Master Camper Cat demonstrates proper form of a roundhouse kick.\n  <span class=\"token tag\"><span class=\"token tag\"><span class=\"token punctuation\">&lt;/</span>figcaption</span><span class=\"token punctuation\">&gt;</span></span>\n<span class=\"token tag\"><span class=\"token tag\"><span class=\"token punctuation\">&lt;/</span>figure</span><span class=\"token punctuation\">&gt;</span></span>\n</code></pre>\n",
    "instructions": "\n<p>Camper Cat is hard at work creating a stacked bar chart showing the amount of time per week to spend training in stealth, combat, and weapons. Help him structure his page better by changing the <code>div</code> tag he used to a <code>figure</code> tag, and the <code>p</code> tag that surrounds the caption to a <code>figcaption</code> tag.</p>\n"
  },
  {
    "section": "Applied Accessibility",
    "name": "Improve Form Field Accessibility With The Label Element",
    "url": "https://www.freecodecamp.org/learn/responsive-web-design/applied-accessibility/improve-form-field-accessibility-with-the-label-element",
    "remove": ["ALL_HELPERS"],
    "description": "\n<p>Improving accessibility with semantic HTML markup applies to using both appropriate tag names and attributes. The next several challenges cover some important scenarios using attributes in forms.</p>\n<p>The <code>label</code> tag wraps the text for a specific form control item, usually the name or label for a choice. This ties meaning to the item and makes the form more readable. The <code>for</code> attribute on a <code>label</code> tag explicitly associates that <code>label</code> with the form control and is used by screen readers.</p>\n<p>You learned about radio buttons and their labels in a lesson in the Basic HTML section. In that lesson, we wrapped the radio button input element inside a <code>label</code> element along with the label text in order to make the text clickable. Another way to achieve this is by using the <code>for</code> attribute, as explained in this lesson.</p>\n<p>The value of the <code>for</code> attribute must be the same as the value of the <code>id</code> attribute of the form control. Here's an example:</p>\n<pre class=\"language-html\" tabindex=\"0\"><code class=\"language-html\"><span class=\"token tag\"><span class=\"token tag\"><span class=\"token punctuation\">&lt;</span>form</span><span class=\"token punctuation\">&gt;</span></span>\n  <span class=\"token tag\"><span class=\"token tag\"><span class=\"token punctuation\">&lt;</span>label</span> <span class=\"token attr-name\">for</span><span class=\"token attr-value\"><span class=\"token punctuation attr-equals\">=</span><span class=\"token punctuation\">\"</span>name<span class=\"token punctuation\">\"</span></span><span class=\"token punctuation\">&gt;</span></span>Name:<span class=\"token tag\"><span class=\"token tag\"><span class=\"token punctuation\">&lt;/</span>label</span><span class=\"token punctuation\">&gt;</span></span>\n  <span class=\"token tag\"><span class=\"token tag\"><span class=\"token punctuation\">&lt;</span>input</span> <span class=\"token attr-name\">type</span><span class=\"token attr-value\"><span class=\"token punctuation attr-equals\">=</span><span class=\"token punctuation\">\"</span>text<span class=\"token punctuation\">\"</span></span> <span class=\"token attr-name\">id</span><span class=\"token attr-value\"><span class=\"token punctuation attr-equals\">=</span><span class=\"token punctuation\">\"</span>name<span class=\"token punctuation\">\"</span></span> <span class=\"token attr-name\">name</span><span class=\"token attr-value\"><span class=\"token punctuation attr-equals\">=</span><span class=\"token punctuation\">\"</span>name<span class=\"token punctuation\">\"</span></span><span class=\"token punctuation\">&gt;</span></span>\n<span class=\"token tag\"><span class=\"token tag\"><span class=\"token punctuation\">&lt;/</span>form</span><span class=\"token punctuation\">&gt;</span></span>\n</code></pre>\n",
    "instructions": "\n<p>Camper Cat expects a lot of interest in his thoughtful blog posts and wants to include an email sign up form. Add a <code>for</code> attribute on the email <code>label</code> that matches the <code>id</code> on its <code>input</code> field.</p>\n"
  },
  {
    "section": "Applied Accessibility",
    "name": "Wrap Radio Buttons In A Fieldset Element For Better Accessibility",
    "url": "https://www.freecodecamp.org/learn/responsive-web-design/applied-accessibility/wrap-radio-buttons-in-a-fieldset-element-for-better-accessibility",
    "remove": ["ALL_HELPERS"],
    "description": "\n<p>The next form topic covers the accessibility of radio buttons. Each choice is given a <code>label</code> with a <code>for</code> attribute tying to the <code>id</code> of the corresponding item as covered in the last challenge. Since radio buttons often come in a group where the user must choose one, there's a way to semantically show the choices are part of a set.</p>\n<p>The <code>fieldset</code> tag surrounds the entire grouping of radio buttons to achieve this. It often uses a <code>legend</code> tag to provide a description for the grouping, which screen readers read for each choice in the <code>fieldset</code> element.</p>\n<p>The <code>fieldset</code> wrapper and <code>legend</code> tag are not necessary when the choices are self-explanatory, like a gender selection. Using a <code>label</code> with the <code>for</code> attribute for each radio button is sufficient.</p>\n<p>Here's an example:</p>\n<pre class=\"language-html\" tabindex=\"0\"><code class=\"language-html\"><span class=\"token tag\"><span class=\"token tag\"><span class=\"token punctuation\">&lt;</span>form</span><span class=\"token punctuation\">&gt;</span></span>\n  <span class=\"token tag\"><span class=\"token tag\"><span class=\"token punctuation\">&lt;</span>fieldset</span><span class=\"token punctuation\">&gt;</span></span>\n    <span class=\"token tag\"><span class=\"token tag\"><span class=\"token punctuation\">&lt;</span>legend</span><span class=\"token punctuation\">&gt;</span></span>Choose one of these three items:<span class=\"token tag\"><span class=\"token tag\"><span class=\"token punctuation\">&lt;/</span>legend</span><span class=\"token punctuation\">&gt;</span></span>\n    <span class=\"token tag\"><span class=\"token tag\"><span class=\"token punctuation\">&lt;</span>input</span> <span class=\"token attr-name\">id</span><span class=\"token attr-value\"><span class=\"token punctuation attr-equals\">=</span><span class=\"token punctuation\">\"</span>one<span class=\"token punctuation\">\"</span></span> <span class=\"token attr-name\">type</span><span class=\"token attr-value\"><span class=\"token punctuation attr-equals\">=</span><span class=\"token punctuation\">\"</span>radio<span class=\"token punctuation\">\"</span></span> <span class=\"token attr-name\">name</span><span class=\"token attr-value\"><span class=\"token punctuation attr-equals\">=</span><span class=\"token punctuation\">\"</span>items<span class=\"token punctuation\">\"</span></span> <span class=\"token attr-name\">value</span><span class=\"token attr-value\"><span class=\"token punctuation attr-equals\">=</span><span class=\"token punctuation\">\"</span>one<span class=\"token punctuation\">\"</span></span><span class=\"token punctuation\">&gt;</span></span>\n    <span class=\"token tag\"><span class=\"token tag\"><span class=\"token punctuation\">&lt;</span>label</span> <span class=\"token attr-name\">for</span><span class=\"token attr-value\"><span class=\"token punctuation attr-equals\">=</span><span class=\"token punctuation\">\"</span>one<span class=\"token punctuation\">\"</span></span><span class=\"token punctuation\">&gt;</span></span>Choice One<span class=\"token tag\"><span class=\"token tag\"><span class=\"token punctuation\">&lt;/</span>label</span><span class=\"token punctuation\">&gt;</span></span><span class=\"token tag\"><span class=\"token tag\"><span class=\"token punctuation\">&lt;</span>br</span><span class=\"token punctuation\">&gt;</span></span>\n    <span class=\"token tag\"><span class=\"token tag\"><span class=\"token punctuation\">&lt;</span>input</span> <span class=\"token attr-name\">id</span><span class=\"token attr-value\"><span class=\"token punctuation attr-equals\">=</span><span class=\"token punctuation\">\"</span>two<span class=\"token punctuation\">\"</span></span> <span class=\"token attr-name\">type</span><span class=\"token attr-value\"><span class=\"token punctuation attr-equals\">=</span><span class=\"token punctuation\">\"</span>radio<span class=\"token punctuation\">\"</span></span> <span class=\"token attr-name\">name</span><span class=\"token attr-value\"><span class=\"token punctuation attr-equals\">=</span><span class=\"token punctuation\">\"</span>items<span class=\"token punctuation\">\"</span></span> <span class=\"token attr-name\">value</span><span class=\"token attr-value\"><span class=\"token punctuation attr-equals\">=</span><span class=\"token punctuation\">\"</span>two<span class=\"token punctuation\">\"</span></span><span class=\"token punctuation\">&gt;</span></span>\n    <span class=\"token tag\"><span class=\"token tag\"><span class=\"token punctuation\">&lt;</span>label</span> <span class=\"token attr-name\">for</span><span class=\"token attr-value\"><span class=\"token punctuation attr-equals\">=</span><span class=\"token punctuation\">\"</span>two<span class=\"token punctuation\">\"</span></span><span class=\"token punctuation\">&gt;</span></span>Choice Two<span class=\"token tag\"><span class=\"token tag\"><span class=\"token punctuation\">&lt;/</span>label</span><span class=\"token punctuation\">&gt;</span></span><span class=\"token tag\"><span class=\"token tag\"><span class=\"token punctuation\">&lt;</span>br</span><span class=\"token punctuation\">&gt;</span></span>\n    <span class=\"token tag\"><span class=\"token tag\"><span class=\"token punctuation\">&lt;</span>input</span> <span class=\"token attr-name\">id</span><span class=\"token attr-value\"><span class=\"token punctuation attr-equals\">=</span><span class=\"token punctuation\">\"</span>three<span class=\"token punctuation\">\"</span></span> <span class=\"token attr-name\">type</span><span class=\"token attr-value\"><span class=\"token punctuation attr-equals\">=</span><span class=\"token punctuation\">\"</span>radio<span class=\"token punctuation\">\"</span></span> <span class=\"token attr-name\">name</span><span class=\"token attr-value\"><span class=\"token punctuation attr-equals\">=</span><span class=\"token punctuation\">\"</span>items<span class=\"token punctuation\">\"</span></span> <span class=\"token attr-name\">value</span><span class=\"token attr-value\"><span class=\"token punctuation attr-equals\">=</span><span class=\"token punctuation\">\"</span>three<span class=\"token punctuation\">\"</span></span><span class=\"token punctuation\">&gt;</span></span>\n    <span class=\"token tag\"><span class=\"token tag\"><span class=\"token punctuation\">&lt;</span>label</span> <span class=\"token attr-name\">for</span><span class=\"token attr-value\"><span class=\"token punctuation attr-equals\">=</span><span class=\"token punctuation\">\"</span>three<span class=\"token punctuation\">\"</span></span><span class=\"token punctuation\">&gt;</span></span>Choice Three<span class=\"token tag\"><span class=\"token tag\"><span class=\"token punctuation\">&lt;/</span>label</span><span class=\"token punctuation\">&gt;</span></span>\n  <span class=\"token tag\"><span class=\"token tag\"><span class=\"token punctuation\">&lt;/</span>fieldset</span><span class=\"token punctuation\">&gt;</span></span>\n<span class=\"token tag\"><span class=\"token tag\"><span class=\"token punctuation\">&lt;/</span>form</span><span class=\"token punctuation\">&gt;</span></span>\n</code></pre>\n",
    "instructions": "\n<p>Camper Cat wants information about the ninja level of his users when they sign up for his email list. He's added a set of radio buttons and learned from our last lesson to use <code>label</code> tags with <code>for</code> attributes for each choice. Go Camper Cat! However, his code still needs some help. Change the <code>div</code> tag surrounding the radio buttons to a <code>fieldset</code> tag, and change the <code>p</code> tag inside it to a <code>legend</code>.</p>\n"
  },
  {
    "section": "Applied Accessibility",
    "name": "Add An Accessible Date Picker",
    "url": "https://www.freecodecamp.org/learn/responsive-web-design/applied-accessibility/add-an-accessible-date-picker",
    "remove": ["ALL_HELPERS"],
    "description": "\n<p>Forms often include the <code>input</code> field, which can be used to create several different form controls. The <code>type</code> attribute on this element indicates what kind of <code>input</code> element will be created.</p>\n<p>You may have noticed the <code>text</code> and <code>submit</code> input types in prior challenges, and HTML5 introduced an option to specify a <code>date</code> field. Depending on browser support, a date picker shows up in the <code>input</code> field when it's in focus, which makes filling in a form easier for all users.</p>\n<p>For older browsers, the type will default to <code>text</code>, so it helps to show users the expected date format in the <code>label</code> or <code>placeholder</code> text just in case.</p>\n<p>Here's an example:</p>\n<pre class=\"language-html\" tabindex=\"0\"><code class=\"language-html\"><span class=\"token tag\"><span class=\"token tag\"><span class=\"token punctuation\">&lt;</span>label</span> <span class=\"token attr-name\">for</span><span class=\"token attr-value\"><span class=\"token punctuation attr-equals\">=</span><span class=\"token punctuation\">\"</span>input1<span class=\"token punctuation\">\"</span></span><span class=\"token punctuation\">&gt;</span></span>Enter a date:<span class=\"token tag\"><span class=\"token tag\"><span class=\"token punctuation\">&lt;/</span>label</span><span class=\"token punctuation\">&gt;</span></span>\n<span class=\"token tag\"><span class=\"token tag\"><span class=\"token punctuation\">&lt;</span>input</span> <span class=\"token attr-name\">type</span><span class=\"token attr-value\"><span class=\"token punctuation attr-equals\">=</span><span class=\"token punctuation\">\"</span>date<span class=\"token punctuation\">\"</span></span> <span class=\"token attr-name\">id</span><span class=\"token attr-value\"><span class=\"token punctuation attr-equals\">=</span><span class=\"token punctuation\">\"</span>input1<span class=\"token punctuation\">\"</span></span> <span class=\"token attr-name\">name</span><span class=\"token attr-value\"><span class=\"token punctuation attr-equals\">=</span><span class=\"token punctuation\">\"</span>input1<span class=\"token punctuation\">\"</span></span><span class=\"token punctuation\">&gt;</span></span>\n</code></pre>\n",
    "instructions": "\n<p>Camper Cat is setting up a Mortal Kombat tournament and wants to ask his competitors to see what date works best. Add an <code>input</code> tag with a <code>type</code> attribute of <code>date</code>, an <code>id</code> attribute of <code>pickdate</code>, and a <code>name</code> attribute of <code>date</code>.</p>\n"
  },
  {
    "section": "Applied Accessibility",
    "name": "Standardize Times With The Html5 Datetime Attribute",
    "url": "https://www.freecodecamp.org/learn/responsive-web-design/applied-accessibility/standardize-times-with-the-html5-datetime-attribute",
    "remove": ["ALL_HELPERS"],
    "description": "\n<p>Continuing with the date theme, HTML5 also introduced the <code>time</code> element along with a <code>datetime</code> attribute to standardize times. The <code>time</code> element is an inline element that can wrap a date or time on a page. A <code>datetime</code> attribute holds a valid format of that date. This is the value accessed by assistive devices. It helps avoid confusion by stating a standardized version of a time, even if it's informally or colloquially written in the text.</p>\n<p>Here's an example:</p>\n<pre class=\"language-html\" tabindex=\"0\"><code class=\"language-html\"><span class=\"token tag\"><span class=\"token tag\"><span class=\"token punctuation\">&lt;</span>p</span><span class=\"token punctuation\">&gt;</span></span>Master Camper Cat officiated the cage match between Goro and Scorpion <span class=\"token tag\"><span class=\"token tag\"><span class=\"token punctuation\">&lt;</span>time</span> <span class=\"token attr-name\">datetime</span><span class=\"token attr-value\"><span class=\"token punctuation attr-equals\">=</span><span class=\"token punctuation\">\"</span>2013-02-13<span class=\"token punctuation\">\"</span></span><span class=\"token punctuation\">&gt;</span></span>last Wednesday<span class=\"token tag\"><span class=\"token tag\"><span class=\"token punctuation\">&lt;/</span>time</span><span class=\"token punctuation\">&gt;</span></span>, which ended in a draw.<span class=\"token tag\"><span class=\"token tag\"><span class=\"token punctuation\">&lt;/</span>p</span><span class=\"token punctuation\">&gt;</span></span>\n</code></pre>\n",
    "instructions": "\n<p>Camper Cat's Mortal Kombat survey results are in! Wrap a <code>time</code> tag around the text <code>Thursday, September 15&lt;sup&gt;th&lt;/sup&gt;</code> and add a <code>datetime</code> attribute to it set to <code>2016-09-15</code>.</p>\n"
  },
  {
    "section": "Applied Accessibility",
    "name": "Make Elements Only Visible To A Screen Reader By Using Custom Css",
    "url": "https://www.freecodecamp.org/learn/responsive-web-design/applied-accessibility/make-elements-only-visible-to-a-screen-reader-by-using-custom-css",
    "remove": ["ALL_HELPERS"],
    "description": "\n<p>Have you noticed that all of the applied accessibility challenges so far haven't used any CSS? This shows the importance of using a logical document outline and semantically meaningful tags around your content before introducing the visual design aspect.</p>\n<p>However, CSS's magic can also improve accessibility on your page when you want to visually hide content meant only for screen readers. This happens when information is in a visual format (like a chart), but screen reader users need an alternative presentation (like a table) to access the data. CSS is used to position the screen reader-only elements off the visual area of the browser window.</p>\n<p>Here's an example of the CSS rules that accomplish this:</p>\n<pre class=\"language-css\" tabindex=\"0\"><code class=\"language-css\"><span class=\"token selector\">.sr-only</span> <span class=\"token punctuation\">{</span>\n  <span class=\"token property\">position</span><span class=\"token punctuation\">:</span> absolute<span class=\"token punctuation\">;</span>\n  <span class=\"token property\">left</span><span class=\"token punctuation\">:</span> -10000px<span class=\"token punctuation\">;</span>\n  <span class=\"token property\">width</span><span class=\"token punctuation\">:</span> 1px<span class=\"token punctuation\">;</span>\n  <span class=\"token property\">height</span><span class=\"token punctuation\">:</span> 1px<span class=\"token punctuation\">;</span>\n  <span class=\"token property\">top</span><span class=\"token punctuation\">:</span> auto<span class=\"token punctuation\">;</span>\n  <span class=\"token property\">overflow</span><span class=\"token punctuation\">:</span> hidden<span class=\"token punctuation\">;</span>\n<span class=\"token punctuation\">}</span>\n</code></pre>\n<p><strong>Note:</strong> The following CSS approaches will NOT do the same thing:</p>\n<ul>\n<li><code>display: none;</code> or <code>visibility: hidden;</code> hides content for everyone, including screen reader users</li>\n<li>Zero values for pixel sizes, such as <code>width: 0px; height: 0px;</code> removes that element from the flow of your document, meaning screen readers will ignore it</li>\n</ul>\n",
    "instructions": "\n<p>Camper Cat created a really cool stacked bar chart for his training page, and put the data into a table for his visually impaired users. The table already has an <code>sr-only</code> class, but the CSS rules aren't filled in yet. Give the <code>position</code> an <code>absolute</code> value, the <code>left</code> a <code>-10000px</code> value, and the <code>width</code> and <code>height</code> both <code>1px</code> values.</p>\n"
  },
  {
    "section": "Applied Accessibility",
    "name": "Improve Readability With High Contrast Text",
    "url": "https://www.freecodecamp.org/learn/responsive-web-design/applied-accessibility/improve-readability-with-high-contrast-text",
    "remove": ["ALL_HELPERS"],
    "description": "\n<p>Low contrast between the foreground and background colors can make text difficult to read. Sufficient contrast improves your content's readability, but what exactly does \"sufficient\" mean?</p>\n<p>The Web Content Accessibility Guidelines (WCAG) recommend at least a 4.5 to 1 contrast ratio for normal text. The ratio is calculated by comparing the relative luminance values of two colors. This ranges from 1:1 for the same color, or no contrast, to 21:1 for white against black, the most substantial contrast. There are many contrast checking tools available online that calculate this ratio for you.</p>\n",
    "instructions": "\n<p>Camper Cat's choice of light gray text on a white background for his recent blog post has a 1.5:1 contrast ratio, making it hard to read. Change the <code>color</code> of the text from the current gray (<code>#D3D3D3</code>) to a darker gray (<code>#636363</code>) to improve the contrast ratio to 6:1.</p>\n"
  },
  {
    "section": "Applied Accessibility",
    "name": "Avoid Colorblindness Issues By Using Sufficient Contrast",
    "url": "https://www.freecodecamp.org/learn/responsive-web-design/applied-accessibility/avoid-colorblindness-issues-by-using-sufficient-contrast",
    "remove": ["ALL_HELPERS"],
    "description": "\n<p>Color is a large part of visual design, but its use introduces two accessibility issues. First, color alone should not be used as the only way to convey important information because screen reader users won't see it. Second, foreground and background colors need sufficient contrast so colorblind users can distinguish them.</p>\n<p>Previous challenges covered having text alternatives to address the first issue. The last challenge introduced contrast checking tools to help with the second. The WCAG-recommended contrast ratio of 4.5:1 applies for color use as well as gray-scale combinations.</p>\n<p>Colorblind users have trouble distinguishing some colors from others - usually in hue but sometimes lightness as well. You may recall the contrast ratio is calculated using the relative luminance (or lightness) values of the foreground and background colors.</p>\n<p>In practice, the 4.5:1 contrast ratio can be reached by shading (adding black to) the darker color and tinting (adding white to) the lighter color. Darker shades on the color wheel are considered to be shades of blues, violets, magentas, and reds, whereas lighter tinted colors are oranges, yellows, greens, and blue-greens.</p>\n",
    "instructions": "\n<p>Camper Cat is experimenting with using color for his blog text and background, but his current combination of a greenish <code>background-color</code> with maroon text <code>color</code> has a 2.5:1 contrast ratio. You can easily adjust the lightness of the colors since he declared them using the CSS <code>hsl()</code> property (which stands for hue, saturation, lightness) by changing the third argument. Increase the <code>background-color</code> lightness value from 35% to 55%, and decrease the <code>color</code> lightness value from 20% to 15%. This improves the contrast to 5.9:1.</p>\n"
  },
  {
    "section": "Applied Accessibility",
    "name": "Avoid Colorblindness Issues By Carefully Choosing Colors That Convey Information",
    "url": "https://www.freecodecamp.org/learn/responsive-web-design/applied-accessibility/avoid-colorblindness-issues-by-carefully-choosing-colors-that-convey-information",
    "remove": ["ALL_HELPERS"],
    "description": "\n<p>There are various forms of colorblindness. These can range from a reduced sensitivity to a certain wavelength of light to the inability to see color at all. The most common form is a reduced sensitivity to detect greens.</p>\n<p>For example, if two similar green colors are the foreground and background color of your content, a colorblind user may not be able to distinguish them. Close colors can be thought of as neighbors on the color wheel, and those combinations should be avoided when conveying important information.</p>\n<p><strong>Note:</strong> Some online color picking tools include visual simulations of how colors appear for different types of colorblindness. These are great resources in addition to online contrast checking calculators.</p>\n",
    "instructions": "\n<p>Camper Cat is testing different styles for an important button, but the yellow (<code>#FFFF33</code>) <code>background-color</code> and the green (<code>#33FF33</code>) text <code>color</code> are neighboring hues on the color wheel and virtually indistinguishable for some colorblind users. (Their similar lightness also fails the contrast ratio check). Change the text <code>color</code> to a dark blue (<code>#003366</code>) to solve both problems.</p>\n"
  },
  {
    "section": "Applied Accessibility",
    "name": "Give Links Meaning By Using Descriptive Link Text",
    "url": "https://www.freecodecamp.org/learn/responsive-web-design/applied-accessibility/give-links-meaning-by-using-descriptive-link-text",
    "remove": ["ALL_HELPERS"],
    "description": "\n<p>Screen reader users have various options for what type of content their device reads. These options include skipping to (or over) landmark elements, jumping to the main content, or getting a page summary from the headings. Another option is to only hear the links available on a page.</p>\n<p>Screen readers do this by reading the link text, or what's between the anchor (<code>a</code>) tags. Having a list of \"click here\" or \"read more\" links isn't helpful. Instead, use brief but descriptive text within the <code>a</code> tags to provide more meaning for these users.</p>\n",
    "instructions": "\n<p>The link text that Camper Cat is using is not very descriptive without the surrounding context. Move the anchor (<code>a</code>) tags so they wrap around the text <code>information about batteries</code> instead of <code>Click here</code>.</p>\n"
  },
  {
    "section": "Applied Accessibility",
    "name": "Make Links Navigable With Html Access Keys",
    "url": "https://www.freecodecamp.org/learn/responsive-web-design/applied-accessibility/make-links-navigable-with-html-access-keys",
    "remove": ["ALL_HELPERS"],
    "description": "\n<p>HTML offers the <code>accesskey</code> attribute to specify a shortcut key to activate or bring focus to an element. Adding an <code>accesskey</code> attribute can make navigation more efficient for keyboard-only users.</p>\n<p>HTML5 allows this attribute to be used on any element, but it's particularly useful when it's used with interactive ones. This includes links, buttons, and form controls.</p>\n<p>Here's an example:</p>\n<pre class=\"language-html\" tabindex=\"0\"><code class=\"language-html\"><span class=\"token tag\"><span class=\"token tag\"><span class=\"token punctuation\">&lt;</span>button</span> <span class=\"token attr-name\">accesskey</span><span class=\"token attr-value\"><span class=\"token punctuation attr-equals\">=</span><span class=\"token punctuation\">\"</span>b<span class=\"token punctuation\">\"</span></span><span class=\"token punctuation\">&gt;</span></span>Important Button<span class=\"token tag\"><span class=\"token tag\"><span class=\"token punctuation\">&lt;/</span>button</span><span class=\"token punctuation\">&gt;</span></span>\n</code></pre>\n",
    "instructions": "\n<p>Camper Cat wants the links around the two blog article titles to have keyboard shortcuts so his site's users can quickly navigate to the full story. Add an <code>accesskey</code> attribute to both links and set the first one to <code>g</code> (for Garfield) and the second one to <code>c</code> (for Chuck Norris).</p>\n"
  },
  {
    "section": "Applied Accessibility",
    "name": "Use Tabindex To Add Keyboard Focus To An Element",
    "url": "https://www.freecodecamp.org/learn/responsive-web-design/applied-accessibility/use-tabindex-to-add-keyboard-focus-to-an-element",
    "remove": ["ALL_HELPERS"],
    "description": "\n<p>The HTML <code>tabindex</code> attribute has three distinct functions relating to an element's keyboard focus. When it's on a tag, it indicates that the element can be focused on. The value (an integer that's positive, negative, or zero) determines the behavior.</p>\n<p>Certain elements, such as links and form controls, automatically receive keyboard focus when a user tabs through a page. It's in the same order as the elements come in the HTML source markup. This same functionality can be given to other elements, such as <code>div</code>, <code>span</code>, and <code>p</code>, by placing a <code>tabindex=\"0\"</code> attribute on them. Here's an example:</p>\n<pre class=\"language-html\" tabindex=\"0\"><code class=\"language-html\"><span class=\"token tag\"><span class=\"token tag\"><span class=\"token punctuation\">&lt;</span>div</span> <span class=\"token attr-name\">tabindex</span><span class=\"token attr-value\"><span class=\"token punctuation attr-equals\">=</span><span class=\"token punctuation\">\"</span>0<span class=\"token punctuation\">\"</span></span><span class=\"token punctuation\">&gt;</span></span>I need keyboard focus!<span class=\"token tag\"><span class=\"token tag\"><span class=\"token punctuation\">&lt;/</span>div</span><span class=\"token punctuation\">&gt;</span></span>\n</code></pre>\n<p><strong>Note:</strong> A negative <code>tabindex</code> value (typically -1) indicates that an element is focusable, but is not reachable by the keyboard. This method is generally used to bring focus to content programmatically (like when a <code>div</code> used for a pop-up window is activated), and is beyond the scope of these challenges.</p>\n",
    "instructions": "\n<p>Camper Cat created a new survey to collect information about his users. He knows input fields automatically get keyboard focus, but he wants to make sure his keyboard users pause at the instructions while tabbing through the items. Add a <code>tabindex</code> attribute to the <code>p</code> tag and set its value to <code>0</code>. Bonus - using <code>tabindex</code> also enables the CSS pseudo-class <code>:focus</code> to work on the <code>p</code> tag.</p>\n"
  },
  {
    "section": "Applied Accessibility",
    "name": "Use Tabindex To Specify The Order Of Keyboard Focus For Several Elements",
    "url": "https://www.freecodecamp.org/learn/responsive-web-design/applied-accessibility/use-tabindex-to-specify-the-order-of-keyboard-focus-for-several-elements",
    "remove": ["ALL_HELPERS"],
    "description": "\n<p>The <code>tabindex</code> attribute also specifies the exact tab order of elements. This is achieved when the attribute's value is set to a positive number of 1 or higher.</p>\n<p>Setting a <code>tabindex=\"1\"</code> will bring keyboard focus to that element first. Then it cycles through the sequence of specified <code>tabindex</code> values (2, 3, etc.), before moving to default and <code>tabindex=\"0\"</code> items.</p>\n<p>It's important to note that when the tab order is set this way, it overrides the default order (which uses the HTML source). This may confuse users who are expecting to start navigation from the top of the page. This technique may be necessary in some circumstances, but in terms of accessibility, take care before applying it.</p>\n<p>Here's an example:</p>\n<pre class=\"language-html\" tabindex=\"0\"><code class=\"language-html\"><span class=\"token tag\"><span class=\"token tag\"><span class=\"token punctuation\">&lt;</span>div</span> <span class=\"token attr-name\">tabindex</span><span class=\"token attr-value\"><span class=\"token punctuation attr-equals\">=</span><span class=\"token punctuation\">\"</span>1<span class=\"token punctuation\">\"</span></span><span class=\"token punctuation\">&gt;</span></span>I get keyboard focus, and I get it first!<span class=\"token tag\"><span class=\"token tag\"><span class=\"token punctuation\">&lt;/</span>div</span><span class=\"token punctuation\">&gt;</span></span>\n</code></pre>\n<pre class=\"language-html\" tabindex=\"0\"><code class=\"language-html\"><span class=\"token tag\"><span class=\"token tag\"><span class=\"token punctuation\">&lt;</span>div</span> <span class=\"token attr-name\">tabindex</span><span class=\"token attr-value\"><span class=\"token punctuation attr-equals\">=</span><span class=\"token punctuation\">\"</span>2<span class=\"token punctuation\">\"</span></span><span class=\"token punctuation\">&gt;</span></span>I get keyboard focus, and I get it second!<span class=\"token tag\"><span class=\"token tag\"><span class=\"token punctuation\">&lt;/</span>div</span><span class=\"token punctuation\">&gt;</span></span>\n</code></pre>\n",
    "instructions": "\n<p>Camper Cat has a search field on his Inspirational Quotes page that he plans to position in the upper right corner with CSS. He wants the search <code>input</code> and submit <code>input</code> form controls to be the first two items in the tab order. Add a <code>tabindex</code> attribute set to <code>1</code> to the <code>search</code> <code>input</code>, and a <code>tabindex</code> attribute set to <code>2</code> to the <code>submit</code> <code>input</code>.</p>\n<p>Another thing to note is that some browsers may place you in the middle of your tab order when an element is clicked. An element has been added to the page that ensures you will always start at the beginning of your tab order.</p>\n"
  }
]
