[
  {
    "section": "Basic Html And Html5",
    "name": "Say Hello To Html Elements",
    "url": "https://www.freecodecamp.org/learn/responsive-web-design/basic-html-and-html5/say-hello-to-html-elements",
    "remove": ["ALL_HELPERS"],
    "description": "\n<p>Welcome to freeCodeCamp's HTML coding challenges. These will walk you through web development step-by-step.</p>\n<p>First, you'll start by building a simple web page using HTML. You can edit code in your code editor, which is embedded into this web page.</p>\n<p>Do you see the code in your code editor that says <code>&lt;h1&gt;Hello&lt;/h1&gt;</code>? That's an HTML element.</p>\n<p>Most HTML elements have an opening tag and a closing tag.</p>\n<p>Opening tags look like this:</p>\n<pre class=\"language-html\" tabindex=\"0\"><code class=\"language-html\"><span class=\"token tag\"><span class=\"token tag\"><span class=\"token punctuation\">&lt;</span>h1</span><span class=\"token punctuation\">&gt;</span></span>\n</code></pre>\n<p>Closing tags look like this:</p>\n<pre class=\"language-html\" tabindex=\"0\"><code class=\"language-html\"><span class=\"token tag\"><span class=\"token tag\"><span class=\"token punctuation\">&lt;/</span>h1</span><span class=\"token punctuation\">&gt;</span></span>\n</code></pre>\n<p>The only difference between opening and closing tags is the forward slash after the opening bracket of a closing tag.</p>\n<p>Each challenge has tests you can run at any time by clicking the \"Run tests\" button. When you pass all tests, you'll be prompted to submit your solution and go to the next coding challenge.</p>\n",
    "instructions": "\n<p>To pass the test on this challenge, change your <code>h1</code> element's text to say <code>Hello World</code>.</p>\n"
  },
  {
    "section": "Basic Html And Html5",
    "name": "Headline With The H2 Element",
    "url": "https://www.freecodecamp.org/learn/responsive-web-design/basic-html-and-html5/headline-with-the-h2-element",
    "remove": ["ALL_HELPERS"],
    "description": "\n<p>Over the next few lessons, we'll build an HTML5 cat photo web app piece-by-piece.</p>\n<p>The <code>h2</code> element you will be adding in this step will add a level two heading to the web page.</p>\n<p>This element tells the browser about the structure of your website. <code>h1</code> elements are often used for main headings, while <code>h2</code> elements are generally used for subheadings. There are also <code>h3</code>, <code>h4</code>, <code>h5</code> and <code>h6</code> elements to indicate different levels of subheadings.</p>\n",
    "instructions": "\n<p>Add an <code>h2</code> tag that says \"CatPhotoApp\" to create a second HTML element below your \"Hello World\" <code>h1</code> element.</p>\n"
  },
  {
    "section": "Basic Html And Html5",
    "name": "Inform With The Paragraph Element",
    "url": "https://www.freecodecamp.org/learn/responsive-web-design/basic-html-and-html5/inform-with-the-paragraph-element",
    "remove": ["ALL_HELPERS"],
    "description": "\n<p><code>p</code> elements are the preferred element for paragraph text on websites. <code>p</code> is short for \"paragraph\".</p>\n<p>You can create a paragraph element like this:</p>\n<pre class=\"language-html\" tabindex=\"0\"><code class=\"language-html\"><span class=\"token tag\"><span class=\"token tag\"><span class=\"token punctuation\">&lt;</span>p</span><span class=\"token punctuation\">&gt;</span></span>I'm a p tag!<span class=\"token tag\"><span class=\"token tag\"><span class=\"token punctuation\">&lt;/</span>p</span><span class=\"token punctuation\">&gt;</span></span>\n</code></pre>\n",
    "instructions": "\n<p>Create a <code>p</code> element below your <code>h2</code> element, and give it the text <code>Hello Paragraph</code>.</p>\n<p><strong>Note:</strong> As a convention, all HTML tags are written in lowercase, for example <code>&lt;p&gt;&lt;/p&gt;</code> and not <code>&lt;P&gt;&lt;/P&gt;</code>.</p>\n"
  },
  {
    "section": "Basic Html And Html5",
    "name": "Fill In The Blank With Placeholder Text",
    "url": "https://www.freecodecamp.org/learn/responsive-web-design/basic-html-and-html5/fill-in-the-blank-with-placeholder-text",
    "remove": ["ALL_HELPERS"],
    "description": "\n<p>Web developers traditionally use <dfn>lorem ipsum text</dfn> as placeholder text. The lorem ipsum text is randomly scraped from a famous passage by Cicero of Ancient Rome.</p>\n<p>Lorem ipsum text has been used as placeholder text by typesetters since the 16th century, and this tradition continues on the web.</p>\n<p>Well, 5 centuries is long enough. Since we're building a CatPhotoApp, let's use something called \"kitty ipsum\" text.</p>\n",
    "instructions": "\n<p>Replace the text inside your <code>p</code> element with the first few words of this kitty ipsum text: <code>Kitty ipsum dolor sit amet, shed everywhere shed everywhere stretching attack your ankles chase the red dot, hairball run catnip eat the grass sniff.</code></p>\n"
  },
  {
    "section": "Basic Html And Html5",
    "name": "Uncomment Html",
    "url": "https://www.freecodecamp.org/learn/responsive-web-design/basic-html-and-html5/uncomment-html",
    "remove": ["ALL_HELPERS"],
    "description": "\n<p>Commenting is a way that you can leave comments for other developers within your code without affecting the resulting output that is displayed to the end user.</p>\n<p>Commenting is also a convenient way to make code inactive without having to delete it entirely.</p>\n<p>Comments in HTML start with <code>&lt;!--</code> and end with a <code>--&gt;</code></p>\n",
    "instructions": "\n<p>Uncomment your <code>h1</code>, <code>h2</code> and <code>p</code> elements.</p>\n"
  },
  {
    "section": "Basic Html And Html5",
    "name": "Comment Out Html",
    "url": "https://www.freecodecamp.org/learn/responsive-web-design/basic-html-and-html5/comment-out-html",
    "remove": ["ALL_HELPERS"],
    "description": "\n<p>Remember that in order to start a comment, you need to use <code>&lt;!--</code> and to end a comment, you need to use <code>--&gt;</code></p>\n<p>Here you'll need to end the comment before your <code>h2</code> element begins.</p>\n",
    "instructions": "\n<p>Comment out your <code>h1</code> element and your <code>p</code> element, but not your <code>h2</code> element.</p>\n"
  },
  {
    "section": "Basic Html And Html5",
    "name": "Delete Html Elements",
    "url": "https://www.freecodecamp.org/learn/responsive-web-design/basic-html-and-html5/delete-html-elements",
    "remove": ["ALL_HELPERS"],
    "description": "\n<p>Our phone doesn't have much vertical space.</p>\n<p>Let's remove the unnecessary elements so we can start building our CatPhotoApp.</p>\n",
    "instructions": "\n<p>Delete your <code>h1</code> element so we can simplify our view.</p>\n"
  },
  {
    "section": "Basic Html And Html5",
    "name": "Introduction To Html5 Elements",
    "url": "https://www.freecodecamp.org/learn/responsive-web-design/basic-html-and-html5/introduction-to-html5-elements",
    "remove": ["ALL_HELPERS"],
    "description": "\n<p>HTML5 introduces more descriptive HTML tags. These include <code>main</code>, <code>header</code>, <code>footer</code>, <code>nav</code>, <code>video</code>, <code>article</code>, <code>section</code> and others.</p>\n<p>These tags give a descriptive structure to your HTML, make your HTML easier to read, and help with Search Engine Optimization (SEO) and accessibility. The <code>main</code> HTML5 tag helps search engines and other developers find the main content of your page.</p>\n<p>Example usage, a <code>main</code> element with two child elements nested inside it:</p>\n<pre class=\"language-html\" tabindex=\"0\"><code class=\"language-html\"><span class=\"token tag\"><span class=\"token tag\"><span class=\"token punctuation\">&lt;</span>main</span><span class=\"token punctuation\">&gt;</span></span> \n  <span class=\"token tag\"><span class=\"token tag\"><span class=\"token punctuation\">&lt;</span>h1</span><span class=\"token punctuation\">&gt;</span></span>Hello World<span class=\"token tag\"><span class=\"token tag\"><span class=\"token punctuation\">&lt;/</span>h1</span><span class=\"token punctuation\">&gt;</span></span>\n  <span class=\"token tag\"><span class=\"token tag\"><span class=\"token punctuation\">&lt;</span>p</span><span class=\"token punctuation\">&gt;</span></span>Hello Paragraph<span class=\"token tag\"><span class=\"token tag\"><span class=\"token punctuation\">&lt;/</span>p</span><span class=\"token punctuation\">&gt;</span></span>\n<span class=\"token tag\"><span class=\"token tag\"><span class=\"token punctuation\">&lt;/</span>main</span><span class=\"token punctuation\">&gt;</span></span>\n</code></pre>\n<p><strong>Note:</strong> Many of the new HTML5 tags and their benefits are covered in the Applied Accessibility section.</p>\n",
    "instructions": "\n<p>Create a second <code>p</code> element with the following kitty ipsum text: <code>Purr jump eat the grass rip the couch scratched sunbathe, shed everywhere rip the couch sleep in the sink fluffy fur catnip scratched.</code></p>\n<p>Then, create a <code>main</code> element and nest only the two <code>p</code> elements inside the <code>main</code> element.</p>\n"
  },
  {
    "section": "Basic Html And Html5",
    "name": "Add Images To Your Website",
    "url": "https://www.freecodecamp.org/learn/responsive-web-design/basic-html-and-html5/add-images-to-your-website",
    "remove": ["ALL_HELPERS"],
    "description": "\n<p>You can add images to your website by using the <code>img</code> element, and point to a specific image's URL using the <code>src</code> attribute.</p>\n<p>An example of this would be:</p>\n<pre class=\"language-html\" tabindex=\"0\"><code class=\"language-html\"><span class=\"token tag\"><span class=\"token tag\"><span class=\"token punctuation\">&lt;</span>img</span> <span class=\"token attr-name\">src</span><span class=\"token attr-value\"><span class=\"token punctuation attr-equals\">=</span><span class=\"token punctuation\">\"</span>https://www.freecatphotoapp.com/your-image.jpg<span class=\"token punctuation\">\"</span></span><span class=\"token punctuation\">&gt;</span></span>\n</code></pre>\n<p>Note that <code>img</code> elements are self-closing.</p>\n<p>All <code>img</code> elements <strong>must</strong> have an <code>alt</code> attribute. The text inside an <code>alt</code> attribute is used for screen readers to improve accessibility and is displayed if the image fails to load.</p>\n<p><strong>Note:</strong> If the image is purely decorative, using an empty <code>alt</code> attribute is a best practice.</p>\n<p>Ideally the <code>alt</code> attribute should not contain special characters unless needed.</p>\n<p>Let's add an <code>alt</code> attribute to our <code>img</code> example above:</p>\n<pre class=\"language-html\" tabindex=\"0\"><code class=\"language-html\"><span class=\"token tag\"><span class=\"token tag\"><span class=\"token punctuation\">&lt;</span>img</span> <span class=\"token attr-name\">src</span><span class=\"token attr-value\"><span class=\"token punctuation attr-equals\">=</span><span class=\"token punctuation\">\"</span>https://www.freecatphotoapp.com/your-image.jpg<span class=\"token punctuation\">\"</span></span> <span class=\"token attr-name\">alt</span><span class=\"token attr-value\"><span class=\"token punctuation attr-equals\">=</span><span class=\"token punctuation\">\"</span>A business cat wearing a necktie.<span class=\"token punctuation\">\"</span></span><span class=\"token punctuation\">&gt;</span></span>\n</code></pre>\n",
    "instructions": "\n<p>Let's try to add an image to our website:</p>\n<p>Within the existing <code>main</code> element, insert an <code>img</code> element before the existing <code>p</code> elements.</p>\n<p>Now set the <code>src</code> attribute so that it points to the url <code>https://cdn.freecodecamp.org/curriculum/cat-photo-app/relaxing-cat.jpg</code></p>\n<p>Finally, don't forget to give your <code>img</code> element an <code>alt</code> attribute with applicable text.</p>\n"
  },
  {
    "section": "Basic Html And Html5",
    "name": "Link To External Pages With Anchor Elements",
    "url": "https://www.freecodecamp.org/learn/responsive-web-design/basic-html-and-html5/link-to-external-pages-with-anchor-elements",
    "remove": ["ALL_HELPERS"],
    "description": "\n<p>You can use <code>a</code> (<em>anchor</em>) elements to link to content outside of your web page.</p>\n<p><code>a</code> elements need a destination web address called an <code>href</code> attribute. They also need anchor text. Here's an example:</p>\n<pre class=\"language-html\" tabindex=\"0\"><code class=\"language-html\"><span class=\"token tag\"><span class=\"token tag\"><span class=\"token punctuation\">&lt;</span>a</span> <span class=\"token attr-name\">href</span><span class=\"token attr-value\"><span class=\"token punctuation attr-equals\">=</span><span class=\"token punctuation\">\"</span>https://www.freecodecamp.org<span class=\"token punctuation\">\"</span></span><span class=\"token punctuation\">&gt;</span></span>this links to freecodecamp.org<span class=\"token tag\"><span class=\"token tag\"><span class=\"token punctuation\">&lt;/</span>a</span><span class=\"token punctuation\">&gt;</span></span>\n</code></pre>\n<p>Then your browser will display the text <code>this links to freecodecamp.org</code> as a link you can click. And that link will take you to the web address <code>https://www.freecodecamp.org</code>.</p>\n",
    "instructions": "\n<p>Create an <code>a</code> element that links to <code>https://www.freecatphotoapp.com</code> and has \"cat photos\" as its anchor text.</p>\n"
  },
  {
    "section": "Basic Html And Html5",
    "name": "Link To Internal Sections Of A Page With Anchor Elements",
    "url": "https://www.freecodecamp.org/learn/responsive-web-design/basic-html-and-html5/link-to-internal-sections-of-a-page-with-anchor-elements",
    "remove": ["ALL_HELPERS"],
    "description": "\n<p><code>a</code> (<em>anchor</em>) elements can also be used to create internal links to jump to different sections within a webpage.</p>\n<p>To create an internal link, you assign a link's <code>href</code> attribute to a hash symbol <code>#</code> plus the value of the <code>id</code> attribute for the element that you want to internally link to, usually further down the page. You then need to add the same <code>id</code> attribute to the element you are linking to. An <code>id</code> is an attribute that uniquely describes an element.</p>\n<p>Below is an example of an internal anchor link and its target element:</p>\n<pre class=\"language-html\" tabindex=\"0\"><code class=\"language-html\"><span class=\"token tag\"><span class=\"token tag\"><span class=\"token punctuation\">&lt;</span>a</span> <span class=\"token attr-name\">href</span><span class=\"token attr-value\"><span class=\"token punctuation attr-equals\">=</span><span class=\"token punctuation\">\"</span>#contacts-header<span class=\"token punctuation\">\"</span></span><span class=\"token punctuation\">&gt;</span></span>Contacts<span class=\"token tag\"><span class=\"token tag\"><span class=\"token punctuation\">&lt;/</span>a</span><span class=\"token punctuation\">&gt;</span></span>\n...\n<span class=\"token tag\"><span class=\"token tag\"><span class=\"token punctuation\">&lt;</span>h2</span> <span class=\"token attr-name\">id</span><span class=\"token attr-value\"><span class=\"token punctuation attr-equals\">=</span><span class=\"token punctuation\">\"</span>contacts-header<span class=\"token punctuation\">\"</span></span><span class=\"token punctuation\">&gt;</span></span>Contacts<span class=\"token tag\"><span class=\"token tag\"><span class=\"token punctuation\">&lt;/</span>h2</span><span class=\"token punctuation\">&gt;</span></span>\n</code></pre>\n<p>When users click the <code>Contacts</code> link, they'll be taken to the section of the webpage with the <strong>Contacts</strong> heading element.</p>\n",
    "instructions": "\n<p>Change your external link to an internal link by changing the <code>href</code> attribute to <code>#footer</code> and the text from <code>cat photos</code> to <code>Jump to Bottom</code>.</p>\n<p>Remove the <code>target=\"_blank\"</code> attribute from the anchor tag since this causes the linked document to open in a new window tab.</p>\n<p>Then add an <code>id</code> attribute with a value of <code>footer</code> to the <code>&lt;footer&gt;</code> element at the bottom of the page.</p>\n"
  },
  {
    "section": "Basic Html And Html5",
    "name": "Nest An Anchor Element Within A Paragraph",
    "url": "https://www.freecodecamp.org/learn/responsive-web-design/basic-html-and-html5/nest-an-anchor-element-within-a-paragraph",
    "remove": ["ALL_HELPERS"],
    "description": "\n<p>You can nest links within other text elements.</p>\n<pre class=\"language-html\" tabindex=\"0\"><code class=\"language-html\"><span class=\"token tag\"><span class=\"token tag\"><span class=\"token punctuation\">&lt;</span>p</span><span class=\"token punctuation\">&gt;</span></span>\n  Here's a <span class=\"token tag\"><span class=\"token tag\"><span class=\"token punctuation\">&lt;</span>a</span> <span class=\"token attr-name\">target</span><span class=\"token attr-value\"><span class=\"token punctuation attr-equals\">=</span><span class=\"token punctuation\">\"</span>_blank<span class=\"token punctuation\">\"</span></span> <span class=\"token attr-name\">href</span><span class=\"token attr-value\"><span class=\"token punctuation attr-equals\">=</span><span class=\"token punctuation\">\"</span>https://www.freecodecamp.org<span class=\"token punctuation\">\"</span></span><span class=\"token punctuation\">&gt;</span></span> link to www.freecodecamp.org<span class=\"token tag\"><span class=\"token tag\"><span class=\"token punctuation\">&lt;/</span>a</span><span class=\"token punctuation\">&gt;</span></span> for you to follow.\n<span class=\"token tag\"><span class=\"token tag\"><span class=\"token punctuation\">&lt;/</span>p</span><span class=\"token punctuation\">&gt;</span></span>\n</code></pre>\n<p>Let's break down the example. Normal text is wrapped in the <code>p</code> element:</p>\n<pre class=\"language-html\" tabindex=\"0\"><code class=\"language-html\"><span class=\"token tag\"><span class=\"token tag\"><span class=\"token punctuation\">&lt;</span>p</span><span class=\"token punctuation\">&gt;</span></span> Here's a ... for you to follow. <span class=\"token tag\"><span class=\"token tag\"><span class=\"token punctuation\">&lt;/</span>p</span><span class=\"token punctuation\">&gt;</span></span>\n</code></pre>\n<p>Next is the <em>anchor</em> element <code>&lt;a&gt;</code> (which requires a closing tag <code>&lt;/a&gt;</code>):</p>\n<pre class=\"language-html\" tabindex=\"0\"><code class=\"language-html\"><span class=\"token tag\"><span class=\"token tag\"><span class=\"token punctuation\">&lt;</span>a</span><span class=\"token punctuation\">&gt;</span></span> ... <span class=\"token tag\"><span class=\"token tag\"><span class=\"token punctuation\">&lt;/</span>a</span><span class=\"token punctuation\">&gt;</span></span>\n</code></pre>\n<p><code>target</code> is an anchor tag attribute that specifies where to open the link. The value <code>_blank</code> specifies to open the link in a new tab. The <code>href</code> is an anchor tag attribute that contains the URL address of the link:</p>\n<pre class=\"language-html\" tabindex=\"0\"><code class=\"language-html\"><span class=\"token tag\"><span class=\"token tag\"><span class=\"token punctuation\">&lt;</span>a</span> <span class=\"token attr-name\">href</span><span class=\"token attr-value\"><span class=\"token punctuation attr-equals\">=</span><span class=\"token punctuation\">\"</span>https://www.freecodecamp.org<span class=\"token punctuation\">\"</span></span> <span class=\"token attr-name\">target</span><span class=\"token attr-value\"><span class=\"token punctuation attr-equals\">=</span><span class=\"token punctuation\">\"</span>_blank<span class=\"token punctuation\">\"</span></span><span class=\"token punctuation\">&gt;</span></span> ... <span class=\"token tag\"><span class=\"token tag\"><span class=\"token punctuation\">&lt;/</span>a</span><span class=\"token punctuation\">&gt;</span></span>\n</code></pre>\n<p>The text, <code>link to www.freecodecamp.org</code>, within the <code>a</code> element is called <dfn>anchor text</dfn>, and will display the link to click:</p>\n<pre class=\"language-html\" tabindex=\"0\"><code class=\"language-html\"><span class=\"token tag\"><span class=\"token tag\"><span class=\"token punctuation\">&lt;</span>a</span> <span class=\"token attr-name\">href</span><span class=\"token attr-value\"><span class=\"token punctuation attr-equals\">=</span><span class=\"token punctuation\">\"</span> ... <span class=\"token punctuation\">\"</span></span> <span class=\"token attr-name\">target</span><span class=\"token attr-value\"><span class=\"token punctuation attr-equals\">=</span><span class=\"token punctuation\">\"</span>...<span class=\"token punctuation\">\"</span></span><span class=\"token punctuation\">&gt;</span></span>link to freecodecamp.org<span class=\"token tag\"><span class=\"token tag\"><span class=\"token punctuation\">&lt;/</span>a</span><span class=\"token punctuation\">&gt;</span></span>\n</code></pre>\n<p>The final output of the example will look like this:</p>\n<p>Here's a <a href=\"https://www.freecodecamp.org\" target=\"_blank\">link to www.freecodecamp.org</a> for you to follow.</p>\n",
    "instructions": "\n<p>Nest the existing <code>a</code> element within a new <code>p</code> element. Do not create a new anchor tag. The new paragraph should have text that says <code>View more cat photos</code>, where <code>cat photos</code> is a link, and the rest is plain text.</p>\n"
  },
  {
    "section": "Basic Html And Html5",
    "name": "Make Dead Links Using The Hash Symbol",
    "url": "https://www.freecodecamp.org/learn/responsive-web-design/basic-html-and-html5/make-dead-links-using-the-hash-symbol",
    "remove": ["ALL_HELPERS"],
    "description": "\n<p>Sometimes you want to add <code>a</code> elements to your website before you know where they will link.</p>\n<p>This is also handy when you're changing the behavior of a link using <code>JavaScript</code>, which we'll learn about later.</p>\n",
    "instructions": "\n<p>The current value of the <code>href</code> attribute is a link that points to \"<code>https://www.freecatphotoapp.com</code>\". Replace the <code>href</code> attribute value with a <code>#</code>, also known as a hash symbol, to create a dead link.</p>\n<p>For example: <code>href=\"#\"</code></p>\n"
  },
  {
    "section": "Basic Html And Html5",
    "name": "Turn An Image Into A Link",
    "url": "https://www.freecodecamp.org/learn/responsive-web-design/basic-html-and-html5/turn-an-image-into-a-link",
    "remove": ["ALL_HELPERS"],
    "description": "\n<p>You can make elements into links by nesting them within an <code>a</code> element.</p>\n<p>Nest your image within an <code>a</code> element. Here's an example:</p>\n<pre class=\"language-html\" tabindex=\"0\"><code class=\"language-html\"><span class=\"token tag\"><span class=\"token tag\"><span class=\"token punctuation\">&lt;</span>a</span> <span class=\"token attr-name\">href</span><span class=\"token attr-value\"><span class=\"token punctuation attr-equals\">=</span><span class=\"token punctuation\">\"</span>#<span class=\"token punctuation\">\"</span></span><span class=\"token punctuation\">&gt;</span></span><span class=\"token tag\"><span class=\"token tag\"><span class=\"token punctuation\">&lt;</span>img</span> <span class=\"token attr-name\">src</span><span class=\"token attr-value\"><span class=\"token punctuation attr-equals\">=</span><span class=\"token punctuation\">\"</span>https://cdn.freecodecamp.org/curriculum/cat-photo-app/relaxing-cat.jpg<span class=\"token punctuation\">\"</span></span> <span class=\"token attr-name\">alt</span><span class=\"token attr-value\"><span class=\"token punctuation attr-equals\">=</span><span class=\"token punctuation\">\"</span>Three kittens running towards the camera.<span class=\"token punctuation\">\"</span></span><span class=\"token punctuation\">&gt;</span></span><span class=\"token tag\"><span class=\"token tag\"><span class=\"token punctuation\">&lt;/</span>a</span><span class=\"token punctuation\">&gt;</span></span>\n</code></pre>\n<p>Remember to use <code>#</code> as your <code>a</code> element's <code>href</code> property in order to turn it into a dead link.</p>\n",
    "instructions": "\n<p>Place the existing image element within an <code>a</code> (<em>anchor</em>) element.</p>\n<p>Once you've done this, hover over your image with your cursor. Your cursor's normal pointer should become the link clicking pointer. The photo is now a link.</p>\n"
  },
  {
    "section": "Basic Html And Html5",
    "name": "Create A Bulleted Unordered List",
    "url": "https://www.freecodecamp.org/learn/responsive-web-design/basic-html-and-html5/create-a-bulleted-unordered-list",
    "remove": ["ALL_HELPERS"],
    "description": "\n<p>HTML has a special element for creating <dfn>unordered lists</dfn>, or bullet point style lists.</p>\n<p>Unordered lists start with an opening <code>&lt;ul&gt;</code> element, followed by any number of <code>&lt;li&gt;</code> elements. Finally, unordered lists close with a <code>&lt;/ul&gt;</code>.</p>\n<p>For example:</p>\n<pre class=\"language-html\" tabindex=\"0\"><code class=\"language-html\"><span class=\"token tag\"><span class=\"token tag\"><span class=\"token punctuation\">&lt;</span>ul</span><span class=\"token punctuation\">&gt;</span></span>\n  <span class=\"token tag\"><span class=\"token tag\"><span class=\"token punctuation\">&lt;</span>li</span><span class=\"token punctuation\">&gt;</span></span>milk<span class=\"token tag\"><span class=\"token tag\"><span class=\"token punctuation\">&lt;/</span>li</span><span class=\"token punctuation\">&gt;</span></span>\n  <span class=\"token tag\"><span class=\"token tag\"><span class=\"token punctuation\">&lt;</span>li</span><span class=\"token punctuation\">&gt;</span></span>cheese<span class=\"token tag\"><span class=\"token tag\"><span class=\"token punctuation\">&lt;/</span>li</span><span class=\"token punctuation\">&gt;</span></span>\n<span class=\"token tag\"><span class=\"token tag\"><span class=\"token punctuation\">&lt;/</span>ul</span><span class=\"token punctuation\">&gt;</span></span>\n</code></pre>\n<p>would create a bullet point style list of <code>milk</code> and <code>cheese</code>.</p>\n",
    "instructions": "\n<p>Remove the last two <code>p</code> elements and create an unordered list of three things that cats love at the bottom of the page.</p>\n"
  },
  {
    "section": "Basic Html And Html5",
    "name": "Create An Ordered List",
    "url": "https://www.freecodecamp.org/learn/responsive-web-design/basic-html-and-html5/create-an-ordered-list",
    "remove": ["ALL_HELPERS"],
    "description": "\n<p>HTML has another special element for creating <dfn>ordered lists</dfn>, or numbered lists.</p>\n<p>Ordered lists start with an opening <code>&lt;ol&gt;</code> element, followed by any number of <code>&lt;li&gt;</code> elements. Finally, ordered lists are closed with the <code>&lt;/ol&gt;</code> tag.</p>\n<p>For example:</p>\n<pre class=\"language-html\" tabindex=\"0\"><code class=\"language-html\"><span class=\"token tag\"><span class=\"token tag\"><span class=\"token punctuation\">&lt;</span>ol</span><span class=\"token punctuation\">&gt;</span></span>\n  <span class=\"token tag\"><span class=\"token tag\"><span class=\"token punctuation\">&lt;</span>li</span><span class=\"token punctuation\">&gt;</span></span>Garfield<span class=\"token tag\"><span class=\"token tag\"><span class=\"token punctuation\">&lt;/</span>li</span><span class=\"token punctuation\">&gt;</span></span>\n  <span class=\"token tag\"><span class=\"token tag\"><span class=\"token punctuation\">&lt;</span>li</span><span class=\"token punctuation\">&gt;</span></span>Sylvester<span class=\"token tag\"><span class=\"token tag\"><span class=\"token punctuation\">&lt;/</span>li</span><span class=\"token punctuation\">&gt;</span></span>\n<span class=\"token tag\"><span class=\"token tag\"><span class=\"token punctuation\">&lt;/</span>ol</span><span class=\"token punctuation\">&gt;</span></span>\n</code></pre>\n<p>would create a numbered list of <code>Garfield</code> and <code>Sylvester</code>.</p>\n",
    "instructions": "\n<p>Create an ordered list of the top 3 things cats hate the most.</p>\n"
  },
  {
    "section": "Basic Html And Html5",
    "name": "Create A Text Field",
    "url": "https://www.freecodecamp.org/learn/responsive-web-design/basic-html-and-html5/create-a-text-field",
    "remove": ["ALL_HELPERS"],
    "description": "\n<p>Now let's create a web form.</p>\n<p><code>input</code> elements are a convenient way to get input from your user.</p>\n<p>You can create a text input like this:</p>\n<pre class=\"language-html\" tabindex=\"0\"><code class=\"language-html\"><span class=\"token tag\"><span class=\"token tag\"><span class=\"token punctuation\">&lt;</span>input</span> <span class=\"token attr-name\">type</span><span class=\"token attr-value\"><span class=\"token punctuation attr-equals\">=</span><span class=\"token punctuation\">\"</span>text<span class=\"token punctuation\">\"</span></span><span class=\"token punctuation\">&gt;</span></span>\n</code></pre>\n<p>Note that <code>input</code> elements are self-closing.</p>\n",
    "instructions": "\n<p>Create an <code>input</code> element of type <code>text</code> below your lists.</p>\n"
  },
  {
    "section": "Basic Html And Html5",
    "name": "Add Placeholder Text To A Text Field",
    "url": "https://www.freecodecamp.org/learn/responsive-web-design/basic-html-and-html5/add-placeholder-text-to-a-text-field",
    "remove": ["ALL_HELPERS"],
    "description": "\n<p>Placeholder text is what is displayed in your <code>input</code> element before your user has inputted anything.</p>\n<p>You can create placeholder text like so:</p>\n<pre class=\"language-html\" tabindex=\"0\"><code class=\"language-html\"><span class=\"token tag\"><span class=\"token tag\"><span class=\"token punctuation\">&lt;</span>input</span> <span class=\"token attr-name\">type</span><span class=\"token attr-value\"><span class=\"token punctuation attr-equals\">=</span><span class=\"token punctuation\">\"</span>text<span class=\"token punctuation\">\"</span></span> <span class=\"token attr-name\">placeholder</span><span class=\"token attr-value\"><span class=\"token punctuation attr-equals\">=</span><span class=\"token punctuation\">\"</span>this is placeholder text<span class=\"token punctuation\">\"</span></span><span class=\"token punctuation\">&gt;</span></span>\n</code></pre>\n<p><strong>Note:</strong> Remember that <code>input</code> elements are self-closing.</p>\n",
    "instructions": "\n<p>Set the <code>placeholder</code> value of your text <code>input</code> to \"cat photo URL\".</p>\n"
  },
  {
    "section": "Basic Html And Html5",
    "name": "Create A Form Element",
    "url": "https://www.freecodecamp.org/learn/responsive-web-design/basic-html-and-html5/create-a-form-element",
    "remove": ["ALL_HELPERS"],
    "description": "\n<p>You can build web forms that actually submit data to a server using nothing more than pure HTML. You can do this by specifying an <code>action</code> attribute on your <code>form</code> element.</p>\n<p>For example:</p>\n<pre class=\"language-html\" tabindex=\"0\"><code class=\"language-html\"><span class=\"token tag\"><span class=\"token tag\"><span class=\"token punctuation\">&lt;</span>form</span> <span class=\"token attr-name\">action</span><span class=\"token attr-value\"><span class=\"token punctuation attr-equals\">=</span><span class=\"token punctuation\">\"</span>/url-where-you-want-to-submit-form-data<span class=\"token punctuation\">\"</span></span><span class=\"token punctuation\">&gt;</span></span>\n  <span class=\"token tag\"><span class=\"token tag\"><span class=\"token punctuation\">&lt;</span>input</span><span class=\"token punctuation\">&gt;</span></span>\n<span class=\"token tag\"><span class=\"token tag\"><span class=\"token punctuation\">&lt;/</span>form</span><span class=\"token punctuation\">&gt;</span></span>\n</code></pre>\n",
    "instructions": "\n<p>Nest the existing <code>input</code> element inside a <code>form</code> element and assign <code>\"https://www.freecatphotoapp.com/submit-cat-photo\"</code> to the <code>action</code> attribute of the <code>form</code> element.</p>\n"
  },
  {
    "section": "Basic Html And Html5",
    "name": "Add A Submit Button To A Form",
    "url": "https://www.freecodecamp.org/learn/responsive-web-design/basic-html-and-html5/add-a-submit-button-to-a-form",
    "remove": ["ALL_HELPERS"],
    "description": "\n<p>Let's add a <code>submit</code> button to your form. Clicking this button will send the data from your form to the URL you specified with your form's <code>action</code> attribute.</p>\n<p>Here's an example submit button:</p>\n<pre class=\"language-html\" tabindex=\"0\"><code class=\"language-html\"><span class=\"token tag\"><span class=\"token tag\"><span class=\"token punctuation\">&lt;</span>button</span> <span class=\"token attr-name\">type</span><span class=\"token attr-value\"><span class=\"token punctuation attr-equals\">=</span><span class=\"token punctuation\">\"</span>submit<span class=\"token punctuation\">\"</span></span><span class=\"token punctuation\">&gt;</span></span>this button submits the form<span class=\"token tag\"><span class=\"token tag\"><span class=\"token punctuation\">&lt;/</span>button</span><span class=\"token punctuation\">&gt;</span></span>\n</code></pre>\n",
    "instructions": "\n<p>Add a button as the last element of your <code>form</code> element with a type of <code>submit</code>, and <code>Submit</code> as its text.</p>\n"
  },
  {
    "section": "Basic Html And Html5",
    "name": "Use Html5 To Require A Field",
    "url": "https://www.freecodecamp.org/learn/responsive-web-design/basic-html-and-html5/use-html5-to-require-a-field",
    "remove": ["ALL_HELPERS"],
    "description": "\n<p>You can require specific form fields so that your user will not be able to submit your form until he or she has filled them out.</p>\n<p>For example, if you wanted to make a text input field required, you can just add the attribute <code>required</code> within your <code>input</code> element, like this: <code>&lt;input type=\"text\" required&gt;</code></p>\n",
    "instructions": "\n<p>Make your text <code>input</code> a <code>required</code> field, so that your user can't submit the form without completing this field.</p>\n<p>Then try to submit the form without inputting any text. See how your HTML5 form notifies you that the field is required?</p>\n"
  },
  {
    "section": "Basic Html And Html5",
    "name": "Create A Set Of Radio Buttons",
    "url": "https://www.freecodecamp.org/learn/responsive-web-design/basic-html-and-html5/create-a-set-of-radio-buttons",
    "remove": ["ALL_HELPERS"],
    "description": "\n<p>You can use <dfn>radio buttons</dfn> for questions where you want the user to only give you one answer out of multiple options.</p>\n<p>Radio buttons are a type of <code>input</code>.</p>\n<p>Each of your radio buttons can be nested within its own <code>label</code> element. By wrapping an <code>input</code> element inside of a <code>label</code> element it will automatically associate the radio button input with the label element surrounding it.</p>\n<p>All related radio buttons should have the same <code>name</code> attribute to create a radio button group. By creating a radio group, selecting any single radio button will automatically deselect the other buttons within the same group ensuring only one answer is provided by the user.</p>\n<p>Here's an example of a radio button:</p>\n<pre class=\"language-html\" tabindex=\"0\"><code class=\"language-html\"><span class=\"token tag\"><span class=\"token tag\"><span class=\"token punctuation\">&lt;</span>label</span><span class=\"token punctuation\">&gt;</span></span> \n  <span class=\"token tag\"><span class=\"token tag\"><span class=\"token punctuation\">&lt;</span>input</span> <span class=\"token attr-name\">type</span><span class=\"token attr-value\"><span class=\"token punctuation attr-equals\">=</span><span class=\"token punctuation\">\"</span>radio<span class=\"token punctuation\">\"</span></span> <span class=\"token attr-name\">name</span><span class=\"token attr-value\"><span class=\"token punctuation attr-equals\">=</span><span class=\"token punctuation\">\"</span>indoor-outdoor<span class=\"token punctuation\">\"</span></span><span class=\"token punctuation\">&gt;</span></span>Indoor \n<span class=\"token tag\"><span class=\"token tag\"><span class=\"token punctuation\">&lt;/</span>label</span><span class=\"token punctuation\">&gt;</span></span>\n</code></pre>\n<p>It is considered best practice to set a <code>for</code> attribute on the <code>label</code> element, with a value that matches the value of the <code>id</code> attribute of the <code>input</code> element. This allows assistive technologies to create a linked relationship between the label and the related <code>input</code> element. For example:</p>\n<pre class=\"language-html\" tabindex=\"0\"><code class=\"language-html\"><span class=\"token tag\"><span class=\"token tag\"><span class=\"token punctuation\">&lt;</span>input</span> <span class=\"token attr-name\">id</span><span class=\"token attr-value\"><span class=\"token punctuation attr-equals\">=</span><span class=\"token punctuation\">\"</span>indoor<span class=\"token punctuation\">\"</span></span> <span class=\"token attr-name\">type</span><span class=\"token attr-value\"><span class=\"token punctuation attr-equals\">=</span><span class=\"token punctuation\">\"</span>radio<span class=\"token punctuation\">\"</span></span> <span class=\"token attr-name\">name</span><span class=\"token attr-value\"><span class=\"token punctuation attr-equals\">=</span><span class=\"token punctuation\">\"</span>indoor-outdoor<span class=\"token punctuation\">\"</span></span><span class=\"token punctuation\">&gt;</span></span>\n<span class=\"token tag\"><span class=\"token tag\"><span class=\"token punctuation\">&lt;</span>label</span> <span class=\"token attr-name\">for</span><span class=\"token attr-value\"><span class=\"token punctuation attr-equals\">=</span><span class=\"token punctuation\">\"</span>indoor<span class=\"token punctuation\">\"</span></span><span class=\"token punctuation\">&gt;</span></span>Indoor<span class=\"token tag\"><span class=\"token tag\"><span class=\"token punctuation\">&lt;/</span>label</span><span class=\"token punctuation\">&gt;</span></span>\n</code></pre>\n<p>We can also nest the <code>input</code> element within the <code>label</code> tags:</p>\n<pre class=\"language-html\" tabindex=\"0\"><code class=\"language-html\"><span class=\"token tag\"><span class=\"token tag\"><span class=\"token punctuation\">&lt;</span>label</span> <span class=\"token attr-name\">for</span><span class=\"token attr-value\"><span class=\"token punctuation attr-equals\">=</span><span class=\"token punctuation\">\"</span>indoor<span class=\"token punctuation\">\"</span></span><span class=\"token punctuation\">&gt;</span></span> \n  <span class=\"token tag\"><span class=\"token tag\"><span class=\"token punctuation\">&lt;</span>input</span> <span class=\"token attr-name\">id</span><span class=\"token attr-value\"><span class=\"token punctuation attr-equals\">=</span><span class=\"token punctuation\">\"</span>indoor<span class=\"token punctuation\">\"</span></span> <span class=\"token attr-name\">type</span><span class=\"token attr-value\"><span class=\"token punctuation attr-equals\">=</span><span class=\"token punctuation\">\"</span>radio<span class=\"token punctuation\">\"</span></span> <span class=\"token attr-name\">name</span><span class=\"token attr-value\"><span class=\"token punctuation attr-equals\">=</span><span class=\"token punctuation\">\"</span>indoor-outdoor<span class=\"token punctuation\">\"</span></span><span class=\"token punctuation\">&gt;</span></span>Indoor \n<span class=\"token tag\"><span class=\"token tag\"><span class=\"token punctuation\">&lt;/</span>label</span><span class=\"token punctuation\">&gt;</span></span>\n</code></pre>\n",
    "instructions": "\n<p>Add a pair of radio buttons to your form, each nested in its own <code>label</code> element. One should have the option of <code>indoor</code> and the other should have the option of <code>outdoor</code>. Both should share the <code>name</code> attribute of <code>indoor-outdoor</code> to create a radio group.</p>\n"
  },
  {
    "section": "Basic Html And Html5",
    "name": "Create A Set Of Checkboxes",
    "url": "https://www.freecodecamp.org/learn/responsive-web-design/basic-html-and-html5/create-a-set-of-checkboxes",
    "remove": ["ALL_HELPERS"],
    "description": "\n<p>Forms commonly use <dfn>checkboxes</dfn> for questions that may have more than one answer.</p>\n<p>Checkboxes are a type of <code>input</code>.</p>\n<p>Each of your checkboxes can be nested within its own <code>label</code> element. By wrapping an <code>input</code> element inside of a <code>label</code> element it will automatically associate the checkbox input with the label element surrounding it.</p>\n<p>All related checkbox inputs should have the same <code>name</code> attribute.</p>\n<p>It is considered best practice to explicitly define the relationship between a checkbox <code>input</code> and its corresponding <code>label</code> by setting the <code>for</code> attribute on the <code>label</code> element to match the <code>id</code> attribute of the associated <code>input</code> element.</p>\n<p>Here's an example of a checkbox:</p>\n<pre class=\"language-html\" tabindex=\"0\"><code class=\"language-html\"><span class=\"token tag\"><span class=\"token tag\"><span class=\"token punctuation\">&lt;</span>label</span> <span class=\"token attr-name\">for</span><span class=\"token attr-value\"><span class=\"token punctuation attr-equals\">=</span><span class=\"token punctuation\">\"</span>loving<span class=\"token punctuation\">\"</span></span><span class=\"token punctuation\">&gt;</span></span><span class=\"token tag\"><span class=\"token tag\"><span class=\"token punctuation\">&lt;</span>input</span> <span class=\"token attr-name\">id</span><span class=\"token attr-value\"><span class=\"token punctuation attr-equals\">=</span><span class=\"token punctuation\">\"</span>loving<span class=\"token punctuation\">\"</span></span> <span class=\"token attr-name\">type</span><span class=\"token attr-value\"><span class=\"token punctuation attr-equals\">=</span><span class=\"token punctuation\">\"</span>checkbox<span class=\"token punctuation\">\"</span></span> <span class=\"token attr-name\">name</span><span class=\"token attr-value\"><span class=\"token punctuation attr-equals\">=</span><span class=\"token punctuation\">\"</span>personality<span class=\"token punctuation\">\"</span></span><span class=\"token punctuation\">&gt;</span></span> Loving<span class=\"token tag\"><span class=\"token tag\"><span class=\"token punctuation\">&lt;/</span>label</span><span class=\"token punctuation\">&gt;</span></span>\n</code></pre>\n",
    "instructions": "\n<p>Add to your form a set of three checkboxes. Each checkbox should be nested within its own <code>label</code> element. All three should share the <code>name</code> attribute of <code>personality</code>.</p>\n"
  },
  {
    "section": "Basic Html And Html5",
    "name": "Use The Value Attribute With Radio Buttons And Checkboxes",
    "url": "https://www.freecodecamp.org/learn/responsive-web-design/basic-html-and-html5/use-the-value-attribute-with-radio-buttons-and-checkboxes",
    "remove": ["ALL_HELPERS"],
    "description": "\n<p>When a form gets submitted, the data is sent to the server and includes entries for the options selected. Inputs of type <code>radio</code> and <code>checkbox</code> report their values from the <code>value</code> attribute.</p>\n<p>For example:</p>\n<pre class=\"language-html\" tabindex=\"0\"><code class=\"language-html\"><span class=\"token tag\"><span class=\"token tag\"><span class=\"token punctuation\">&lt;</span>label</span> <span class=\"token attr-name\">for</span><span class=\"token attr-value\"><span class=\"token punctuation attr-equals\">=</span><span class=\"token punctuation\">\"</span>indoor<span class=\"token punctuation\">\"</span></span><span class=\"token punctuation\">&gt;</span></span>\n  <span class=\"token tag\"><span class=\"token tag\"><span class=\"token punctuation\">&lt;</span>input</span> <span class=\"token attr-name\">id</span><span class=\"token attr-value\"><span class=\"token punctuation attr-equals\">=</span><span class=\"token punctuation\">\"</span>indoor<span class=\"token punctuation\">\"</span></span> <span class=\"token attr-name\">value</span><span class=\"token attr-value\"><span class=\"token punctuation attr-equals\">=</span><span class=\"token punctuation\">\"</span>indoor<span class=\"token punctuation\">\"</span></span> <span class=\"token attr-name\">type</span><span class=\"token attr-value\"><span class=\"token punctuation attr-equals\">=</span><span class=\"token punctuation\">\"</span>radio<span class=\"token punctuation\">\"</span></span> <span class=\"token attr-name\">name</span><span class=\"token attr-value\"><span class=\"token punctuation attr-equals\">=</span><span class=\"token punctuation\">\"</span>indoor-outdoor<span class=\"token punctuation\">\"</span></span><span class=\"token punctuation\">&gt;</span></span>Indoor\n<span class=\"token tag\"><span class=\"token tag\"><span class=\"token punctuation\">&lt;/</span>label</span><span class=\"token punctuation\">&gt;</span></span>\n<span class=\"token tag\"><span class=\"token tag\"><span class=\"token punctuation\">&lt;</span>label</span> <span class=\"token attr-name\">for</span><span class=\"token attr-value\"><span class=\"token punctuation attr-equals\">=</span><span class=\"token punctuation\">\"</span>outdoor<span class=\"token punctuation\">\"</span></span><span class=\"token punctuation\">&gt;</span></span>\n  <span class=\"token tag\"><span class=\"token tag\"><span class=\"token punctuation\">&lt;</span>input</span> <span class=\"token attr-name\">id</span><span class=\"token attr-value\"><span class=\"token punctuation attr-equals\">=</span><span class=\"token punctuation\">\"</span>outdoor<span class=\"token punctuation\">\"</span></span> <span class=\"token attr-name\">value</span><span class=\"token attr-value\"><span class=\"token punctuation attr-equals\">=</span><span class=\"token punctuation\">\"</span>outdoor<span class=\"token punctuation\">\"</span></span> <span class=\"token attr-name\">type</span><span class=\"token attr-value\"><span class=\"token punctuation attr-equals\">=</span><span class=\"token punctuation\">\"</span>radio<span class=\"token punctuation\">\"</span></span> <span class=\"token attr-name\">name</span><span class=\"token attr-value\"><span class=\"token punctuation attr-equals\">=</span><span class=\"token punctuation\">\"</span>indoor-outdoor<span class=\"token punctuation\">\"</span></span><span class=\"token punctuation\">&gt;</span></span>Outdoor\n<span class=\"token tag\"><span class=\"token tag\"><span class=\"token punctuation\">&lt;/</span>label</span><span class=\"token punctuation\">&gt;</span></span>\n</code></pre>\n<p>Here, you have two <code>radio</code> inputs. When the user submits the form with the <code>indoor</code> option selected, the form data will include the line: <code>indoor-outdoor=indoor</code>. This is from the <code>name</code> and <code>value</code> attributes of the \"indoor\" input.</p>\n<p>If you omit the <code>value</code> attribute, the submitted form data uses the default value, which is <code>on</code>. In this scenario, if the user clicked the \"indoor\" option and submitted the form, the resulting form data would be <code>indoor-outdoor=on</code>, which is not useful. So the <code>value</code> attribute needs to be set to something to identify the option.</p>\n",
    "instructions": "\n<p>Give each of the existing <code>radio</code> and <code>checkbox</code> inputs the <code>value</code> attribute. Do not create any new radio or checkbox elements. Use the input label text, in lowercase, as the value for the attribute.</p>\n"
  },
  {
    "section": "Basic Html And Html5",
    "name": "Check Radio Buttons And Checkboxes By Default",
    "url": "https://www.freecodecamp.org/learn/responsive-web-design/basic-html-and-html5/check-radio-buttons-and-checkboxes-by-default",
    "remove": ["ALL_HELPERS"],
    "description": "\n<p>You can set a checkbox or radio button to be checked by default using the <code>checked</code> attribute.</p>\n<p>To do this, just add the word <code>checked</code> to the inside of an input element. For example:</p>\n<pre class=\"language-html\" tabindex=\"0\"><code class=\"language-html\"><span class=\"token tag\"><span class=\"token tag\"><span class=\"token punctuation\">&lt;</span>input</span> <span class=\"token attr-name\">type</span><span class=\"token attr-value\"><span class=\"token punctuation attr-equals\">=</span><span class=\"token punctuation\">\"</span>radio<span class=\"token punctuation\">\"</span></span> <span class=\"token attr-name\">name</span><span class=\"token attr-value\"><span class=\"token punctuation attr-equals\">=</span><span class=\"token punctuation\">\"</span>test-name<span class=\"token punctuation\">\"</span></span> <span class=\"token attr-name\">checked</span><span class=\"token punctuation\">&gt;</span></span>\n</code></pre>\n",
    "instructions": "\n<p>Set the first of your radio buttons and the first of your checkboxes to both be checked by default.</p>\n"
  },
  {
    "section": "Basic Html And Html5",
    "name": "Nest Many Elements Within A Single Div Element",
    "url": "https://www.freecodecamp.org/learn/responsive-web-design/basic-html-and-html5/nest-many-elements-within-a-single-div-element",
    "remove": ["ALL_HELPERS"],
    "description": "\n<p>The <code>div</code> element, also known as a division element, is a general purpose container for other elements.</p>\n<p>The <code>div</code> element is probably the most commonly used HTML element of all.</p>\n<p>Just like any other non-self-closing element, you can open a <code>div</code> element with <code>&lt;div&gt;</code> and close it on another line with <code>&lt;/div&gt;</code>.</p>\n",
    "instructions": "\n<p>Nest your \"Things cats love\" and \"Top 3 things cats hate\" lists all within a single <code>div</code> element.</p>\n<p>Hint: Try putting your opening <code>div</code> tag above your \"Things cats love\" <code>p</code> element and your closing <code>div</code> tag after your closing <code>ol</code> tag so that both of your lists are within one <code>div</code>.</p>\n"
  },
  {
    "section": "Basic Html And Html5",
    "name": "Declare The Doctype Of An Html Document",
    "url": "https://www.freecodecamp.org/learn/responsive-web-design/basic-html-and-html5/declare-the-doctype-of-an-html-document",
    "remove": ["ALL_HELPERS"],
    "description": "\n<p>The challenges so far have covered specific HTML elements and their uses. However, there are a few elements that give overall structure to your page, and should be included in every HTML document.</p>\n<p>At the top of your document, you need to tell the browser which version of HTML your page is using. HTML is an evolving language, and is updated regularly. Most major browsers support the latest specification, which is HTML5. However, older web pages may use previous versions of the language.</p>\n<p>You tell the browser this information by adding the <code>&lt;!DOCTYPE ...&gt;</code> tag on the first line, where the <code>...</code> part is the version of HTML. For HTML5, you use <code>&lt;!DOCTYPE html&gt;</code>.</p>\n<p>The <code>!</code> and uppercase <code>DOCTYPE</code> is important, especially for older browsers. The <code>html</code> is not case sensitive.</p>\n<p>Next, the rest of your HTML code needs to be wrapped in <code>html</code> tags. The opening <code>&lt;html&gt;</code> goes directly below the <code>&lt;!DOCTYPE html&gt;</code> line, and the closing <code>&lt;/html&gt;</code> goes at the end of the page.</p>\n<p>Here's an example of the page structure. Your HTML code would go in the space between the two <code>html</code> tags.</p>\n<pre class=\"language-html\" tabindex=\"0\"><code class=\"language-html\"><span class=\"token doctype\"><span class=\"token punctuation\">&lt;!</span><span class=\"token doctype-tag\">DOCTYPE</span> <span class=\"token name\">html</span><span class=\"token punctuation\">&gt;</span></span>\n<span class=\"token tag\"><span class=\"token tag\"><span class=\"token punctuation\">&lt;</span>html</span><span class=\"token punctuation\">&gt;</span></span>\n\n<span class=\"token tag\"><span class=\"token tag\"><span class=\"token punctuation\">&lt;/</span>html</span><span class=\"token punctuation\">&gt;</span></span>\n</code></pre>\n",
    "instructions": "\n<p>Add a <code>DOCTYPE</code> tag for HTML5 to the top of the blank HTML document in the code editor. Under it, add opening and closing <code>html</code> tags, which wrap around an <code>h1</code> element. The heading can include any text.</p>\n"
  },
  {
    "section": "Basic Html And Html5",
    "name": "Define The Head And Body Of An Html Document",
    "url": "https://www.freecodecamp.org/learn/responsive-web-design/basic-html-and-html5/define-the-head-and-body-of-an-html-document",
    "remove": ["ALL_HELPERS"],
    "description": "\n<p>You can add another level of organization in your HTML document within the <code>html</code> tags with the <code>head</code> and <code>body</code> elements. Any markup with information about your page would go into the <code>head</code> tag. Then any markup with the content of the page (what displays for a user) would go into the <code>body</code> tag.</p>\n<p>Metadata elements, such as <code>link</code>, <code>meta</code>, <code>title</code>, and <code>style</code>, typically go inside the <code>head</code> element.</p>\n<p>Here's an example of a page's layout:</p>\n<pre class=\"language-html\" tabindex=\"0\"><code class=\"language-html\"><span class=\"token doctype\"><span class=\"token punctuation\">&lt;!</span><span class=\"token doctype-tag\">DOCTYPE</span> <span class=\"token name\">html</span><span class=\"token punctuation\">&gt;</span></span>\n<span class=\"token tag\"><span class=\"token tag\"><span class=\"token punctuation\">&lt;</span>html</span><span class=\"token punctuation\">&gt;</span></span>\n  <span class=\"token tag\"><span class=\"token tag\"><span class=\"token punctuation\">&lt;</span>head</span><span class=\"token punctuation\">&gt;</span></span>\n    <span class=\"token tag\"><span class=\"token tag\"><span class=\"token punctuation\">&lt;</span>meta</span> <span class=\"token punctuation\">/&gt;</span></span>\n  <span class=\"token tag\"><span class=\"token tag\"><span class=\"token punctuation\">&lt;/</span>head</span><span class=\"token punctuation\">&gt;</span></span>\n  <span class=\"token tag\"><span class=\"token tag\"><span class=\"token punctuation\">&lt;</span>body</span><span class=\"token punctuation\">&gt;</span></span>\n    <span class=\"token tag\"><span class=\"token tag\"><span class=\"token punctuation\">&lt;</span>div</span><span class=\"token punctuation\">&gt;</span></span>\n    <span class=\"token tag\"><span class=\"token tag\"><span class=\"token punctuation\">&lt;/</span>div</span><span class=\"token punctuation\">&gt;</span></span>\n  <span class=\"token tag\"><span class=\"token tag\"><span class=\"token punctuation\">&lt;/</span>body</span><span class=\"token punctuation\">&gt;</span></span>\n<span class=\"token tag\"><span class=\"token tag\"><span class=\"token punctuation\">&lt;/</span>html</span><span class=\"token punctuation\">&gt;</span></span>\n</code></pre>\n",
    "instructions": "\n<p>Edit the markup so there's a <code>head</code> and a <code>body</code>. The <code>head</code> element should only include the <code>title</code>, and the <code>body</code> element should only include the <code>h1</code> and <code>p</code>.</p>\n"
  }
]
